,hypergraphs,alpha
0,"{'e0': [1, 10, 11, 12, 2, 3, 4, 5, 6, 7], 'e1': [1, 10, 11, 12, 4, 7, 8, 9], 'e2': [10, 11, 12, 2, 4], 'e3': [11, 2, 5, 7]}",True
1,"{'e0': [1, 10, 11, 12, 2, 3, 4, 5, 6, 7], 'e1': [11, 12, 3, 5, 6, 7, 8, 9], 'e2': [1, 12, 2, 4, 7], 'e3': [11, 12, 2, 3]}",True
2,"{'e0': [1, 10, 11, 12, 2, 3, 4, 6, 7, 9], 'e1': [10, 11, 3, 4, 5, 6, 8, 9], 'e2': [1, 10, 12, 4, 9], 'e3': [10, 11, 4, 7]}",True
3,"{'e0': [1, 10, 11, 12, 2, 3, 4, 6, 7, 9], 'e1': [11, 12, 2, 3, 4, 5, 6, 8], 'e2': [1, 12, 2, 4, 7], 'e3': [10, 11, 3, 6]}",True
4,"{'e0': [1, 10, 11, 12, 3, 4, 5, 6, 7, 9], 'e1': [10, 12, 2, 4, 5, 6, 7, 8], 'e2': [10, 11, 4, 7, 9], 'e3': [11, 12, 6, 7]}",True
5,"{'e0': [1, 10, 11, 12, 3, 4, 5, 6, 8, 9], 'e1': [10, 12, 3, 4, 6, 7, 8, 9], 'e2': [1, 12, 2, 4, 9], 'e3': [10, 3, 6, 9]}",True
6,"{'e0': [1, 10, 11, 12, 3, 4, 6, 7, 8, 9], 'e1': [10, 11, 12, 2, 3, 4, 5, 9], 'e2': [1, 10, 6, 7, 8], 'e3': [1, 10, 12, 7]}",True
7,"{'e0': [1, 10, 11, 12, 4, 5, 6, 7, 8, 9], 'e1': [11, 12, 2, 4, 6, 7, 8, 9], 'e2': [11, 2, 3, 7, 9], 'e3': [11, 3, 7, 9]}",True
8,"{'e0': [1, 10, 12, 2, 3, 4, 5, 7, 8, 9], 'e1': [1, 10, 11, 2, 3, 4, 6, 7], 'e2': [1, 2, 3, 4, 6], 'e3': [10, 2, 6, 7]}",True
9,"{'e0': [1, 10, 12, 2, 3, 4, 5, 7, 8, 9], 'e1': [1, 10, 2, 3, 5, 6, 7, 9], 'e2': [11, 2, 4, 8, 9], 'e3': [12, 3, 4, 8]}",True
10,"{'e0': [1, 10, 12, 2, 4, 5, 6, 7, 8, 9], 'e1': [11, 2, 3, 5, 6, 7, 8, 9], 'e2': [2, 3, 5, 6, 9], 'e3': [12, 4, 6, 7]}",True
11,"{'e0': [1, 10, 12, 3, 4, 5, 6, 7, 8, 9], 'e1': [1, 10, 12, 3, 4, 5, 7, 8], 'e2': [1, 10, 2, 3, 9], 'e3': [11, 3, 5, 8]}",True
12,"{'e0': [1, 10, 2, 3, 4, 5, 6, 7, 8, 9], 'e1': [10, 11, 12, 4, 5, 7, 8, 9], 'e2': [10, 3, 6, 8, 9], 'e3': [10, 4, 7, 9]}",True
13,"{'e0': [1, 11, 12, 2, 3, 4, 5, 6, 8, 9], 'e1': [1, 10, 11, 12, 3, 4, 6, 9], 'e2': [11, 2, 3, 5, 9], 'e3': [11, 3, 7, 9]}",True
14,"{'e0': [1, 2, 3, 4, 5, 6, 7, 8], 'e1': [1, 2, 3, 4, 5, 6, 7], 'e2': [1, 2, 4, 5, 6, 7, 8]}",True
15,"{'e0': [1, 2, 3, 4, 5, 6, 7, 8], 'e1': [1, 2, 3, 4, 5, 6, 7], 'e2': [1, 2, 4, 7, 8], 'e3': [1, 2, 3]}",True
16,"{'e0': [1, 2, 3, 4, 5, 6, 7, 8], 'e1': [1, 2, 3, 4, 5, 6, 7], 'e2': [1, 2, 5, 6, 7], 'e3': [4, 5, 6]}",True
17,"{'e0': [1, 2, 3, 4, 5, 6, 7, 8], 'e1': [1, 2, 3, 4, 5, 6, 7], 'e2': [1, 2, 7], 'e3': [2, 3, 7]}",True
18,"{'e0': [1, 2, 3, 4, 5, 6, 7, 8], 'e1': [1, 2, 3, 4, 5, 6, 7], 'e2': [3, 4, 6, 7, 8], 'e3': [1, 2, 8]}",True
19,"{'e0': [1, 2, 3, 4, 5, 6, 7, 8], 'e1': [1, 2, 3, 4, 5, 6, 7], 'e2': [3, 4, 6, 7, 8], 'e3': [5, 7, 8]}",True
20,"{'e0': [1, 2, 3, 4, 5, 6, 7, 8], 'e1': [1, 2, 3, 4, 5, 6, 8], 'e2': [1, 3, 4, 5]}",True
21,"{'e0': [1, 2, 3, 4, 5, 6, 7, 8], 'e1': [1, 2, 3, 4, 5, 6, 8], 'e2': [1, 7, 8], 'e3': [1, 4, 7]}",True
22,"{'e0': [1, 2, 3, 4, 5, 6, 7, 8], 'e1': [1, 2, 3, 4, 5, 6, 8], 'e2': [2, 4]}",True
23,"{'e0': [1, 2, 3, 4, 5, 6, 7, 8], 'e1': [1, 2, 3, 4, 5, 6], 'e2': [2, 4, 7, 8], 'e3': [1, 5, 6]}",True
24,"{'e0': [1, 2, 3, 4, 5, 6, 7, 8], 'e1': [1, 2, 3, 4, 5, 6], 'e2': [2, 7, 8], 'e3': [5, 8]}",True
25,"{'e0': [1, 2, 3, 4, 5, 6, 7, 8], 'e1': [1, 2, 3, 4, 5, 7, 8], 'e2': [1, 2, 3, 4, 5], 'e3': [2, 7, 8]}",True
26,"{'e0': [1, 2, 3, 4, 5, 6, 7, 8], 'e1': [1, 2, 3, 4, 5, 7, 8], 'e2': [2, 3, 5, 6, 8], 'e3': [2, 3, 6]}",True
27,"{'e0': [1, 2, 3, 4, 5, 6, 7, 8], 'e1': [1, 2, 3, 4, 5, 7, 8], 'e2': [2, 3, 5, 6, 8], 'e3': [4, 5, 7]}",True
28,"{'e0': [1, 2, 3, 4, 5, 6, 7, 8], 'e1': [1, 2, 3, 4, 5, 7], 'e2': [1, 2, 6, 8], 'e3': [3, 5, 8]}",True
29,"{'e0': [1, 2, 3, 4, 5, 6, 7, 8], 'e1': [1, 2, 3, 4, 5, 7], 'e2': [2, 4, 5, 7], 'e3': [1, 3]}",True
30,"{'e0': [1, 2, 3, 4, 5, 6, 7, 8], 'e1': [1, 2, 3, 4, 5, 8], 'e2': [1, 2, 8], 'e3': [3, 4, 5]}",True
31,"{'e0': [1, 2, 3, 4, 5, 6, 7, 8], 'e1': [1, 2, 3, 4, 5, 8], 'e2': [2, 5, 6, 7], 'e3': [2, 6, 7]}",True
32,"{'e0': [1, 2, 3, 4, 5, 6, 7, 8], 'e1': [1, 2, 3, 4, 5, 8], 'e2': [3, 7, 8], 'e3': [1, 7, 8]}",True
33,"{'e0': [1, 2, 3, 4, 5, 6, 7, 8], 'e1': [1, 2, 3, 4, 5], 'e2': [1, 4, 6], 'e3': [1, 3, 8]}",True
34,"{'e0': [1, 2, 3, 4, 5, 6, 7, 8], 'e1': [1, 2, 3, 4, 6, 7, 8], 'e2': [1, 2, 5, 7]}",True
35,"{'e0': [1, 2, 3, 4, 5, 6, 7, 8], 'e1': [1, 2, 3, 4, 6, 7, 8], 'e2': [2, 3, 5, 6, 8], 'e3': [2, 3, 6]}",True
36,"{'e0': [1, 2, 3, 4, 5, 6, 7, 8], 'e1': [1, 2, 3, 4, 6, 7, 8], 'e2': [2, 3, 6, 7, 8]}",True
37,"{'e0': [1, 2, 3, 4, 5, 6, 7, 8], 'e1': [1, 2, 3, 4, 6, 7, 8], 'e2': [3, 4, 8]}",True
38,"{'e0': [1, 2, 3, 4, 5, 6, 7, 8], 'e1': [1, 2, 3, 4, 6, 7], 'e2': [1, 2, 4, 7], 'e3': [2, 5, 7]}",True
39,"{'e0': [1, 2, 3, 4, 5, 6, 7, 8], 'e1': [1, 2, 3, 4, 6, 7], 'e2': [1, 3, 4], 'e3': [5, 8]}",True
40,"{'e0': [1, 2, 3, 4, 5, 6, 7, 8], 'e1': [1, 2, 3, 4, 6, 8], 'e2': [1, 2, 6], 'e3': [2, 7]}",True
41,"{'e0': [1, 2, 3, 4, 5, 6, 7, 8], 'e1': [1, 2, 3, 4, 6, 8], 'e2': [2, 3, 5, 6], 'e3': [2, 5]}",True
42,"{'e0': [1, 2, 3, 4, 5, 6, 7, 8], 'e1': [1, 2, 3, 4, 6], 'e2': [1, 4, 6], 'e3': [1, 7]}",True
43,"{'e0': [1, 2, 3, 4, 5, 6, 7, 8], 'e1': [1, 2, 3, 4, 7, 8], 'e2': [1, 5, 6], 'e3': [1, 5]}",True
44,"{'e0': [1, 2, 3, 4, 5, 6, 7, 8], 'e1': [1, 2, 3, 4, 7, 8], 'e2': [1, 7]}",True
45,"{'e0': [1, 2, 3, 4, 5, 6, 7, 8], 'e1': [1, 2, 3, 4, 7, 8], 'e2': [4, 6, 7], 'e3': [1, 3, 8]}",True
46,"{'e0': [1, 2, 3, 4, 5, 6, 7, 8], 'e1': [1, 2, 3, 4, 7, 8], 'e2': [4, 6, 8], 'e3': [4, 6]}",True
47,"{'e0': [1, 2, 3, 4, 5, 6, 7, 8], 'e1': [1, 2, 3, 4, 7], 'e2': [1, 3, 4], 'e3': [1, 2, 3]}",True
48,"{'e0': [1, 2, 3, 4, 5, 6, 7, 8], 'e1': [1, 2, 3, 4, 7], 'e2': [1, 3, 4], 'e3': [4, 5, 8]}",True
49,"{'e0': [1, 2, 3, 4, 5, 6, 7, 8], 'e1': [1, 2, 3, 4, 7], 'e2': [2, 4, 8], 'e3': [3, 5, 6]}",True
50,"{'e0': [1, 2, 3, 4, 5, 6, 7, 8], 'e1': [1, 2, 3, 4], 'e2': [4, 5, 7, 8], 'e3': [1, 4]}",True
51,"{'e0': [1, 2, 3, 4, 5, 6, 7, 8], 'e1': [1, 2, 3, 5, 6, 7, 8], 'e2': [1, 2, 4, 5, 6]}",True
52,"{'e0': [1, 2, 3, 4, 5, 6, 7, 8], 'e1': [1, 2, 3, 5, 6, 7, 8], 'e2': [4, 6, 7]}",True
53,"{'e0': [1, 2, 3, 4, 5, 6, 7, 8], 'e1': [1, 2, 3, 5, 6, 7], 'e2': [1, 2, 6, 7], 'e3': [4, 5]}",True
54,"{'e0': [1, 2, 3, 4, 5, 6, 7, 8], 'e1': [1, 2, 3, 5, 6, 7], 'e2': [4, 6, 8], 'e3': [3, 6]}",True
55,"{'e0': [1, 2, 3, 4, 5, 6, 7, 8], 'e1': [1, 2, 3, 5, 6, 8], 'e2': [1, 2, 7, 8], 'e3': [4, 7]}",True
56,"{'e0': [1, 2, 3, 4, 5, 6, 7, 8], 'e1': [1, 2, 3, 5, 6, 8], 'e2': [1, 3, 6, 8], 'e3': [1, 6]}",True
57,"{'e0': [1, 2, 3, 4, 5, 6, 7, 8], 'e1': [1, 2, 3, 5, 6, 8], 'e2': [3, 5, 6, 8], 'e3': [3, 5, 8]}",True
58,"{'e0': [1, 2, 3, 4, 5, 6, 7, 8], 'e1': [1, 2, 3, 5, 6, 8], 'e2': [4, 5, 8], 'e3': [1, 2, 7]}",True
59,"{'e0': [1, 2, 3, 4, 5, 6, 7, 8], 'e1': [1, 2, 3, 5, 7, 8], 'e2': [1, 2, 3, 4, 6, 8]}",True
60,"{'e0': [1, 2, 3, 4, 5, 6, 7, 8], 'e1': [1, 2, 3, 5, 7, 8], 'e2': [1, 3, 4, 7], 'e3': [4, 5]}",True
61,"{'e0': [1, 2, 3, 4, 5, 6, 7, 8], 'e1': [1, 2, 3, 5, 7, 8], 'e2': [1, 3, 5, 8], 'e3': [4, 5]}",True
62,"{'e0': [1, 2, 3, 4, 5, 6, 7, 8], 'e1': [1, 2, 3, 5, 7, 8], 'e2': [2, 5, 6, 7], 'e3': [5, 6, 7]}",True
63,"{'e0': [1, 2, 3, 4, 5, 6, 7, 8], 'e1': [1, 2, 3, 5, 7, 8], 'e2': [2, 6, 7], 'e3': [2, 3]}",True
64,"{'e0': [1, 2, 3, 4, 5, 6, 7, 8], 'e1': [1, 2, 3, 5, 7, 8], 'e2': [4, 6]}",True
65,"{'e0': [1, 2, 3, 4, 5, 6, 7, 8], 'e1': [1, 2, 3, 5, 7], 'e2': [4, 6, 8]}",True
66,"{'e0': [1, 2, 3, 4, 5, 6, 7, 8], 'e1': [1, 2, 3, 5], 'e2': [3, 4, 7], 'e3': [4, 6]}",True
67,"{'e0': [1, 2, 3, 4, 5, 6, 7, 8], 'e1': [1, 2, 3, 5], 'e2': [4, 5, 7], 'e3': [4, 5]}",True
68,"{'e0': [1, 2, 3, 4, 5, 6, 7, 8], 'e1': [1, 2, 3, 6, 7, 8], 'e2': [1, 2, 4], 'e3': [3, 4]}",True
69,"{'e0': [1, 2, 3, 4, 5, 6, 7, 8], 'e1': [1, 2, 3, 6, 7, 8], 'e2': [1, 3, 5, 7], 'e3': [4, 8]}",True
70,"{'e0': [1, 2, 3, 4, 5, 6, 7, 8], 'e1': [1, 2, 3, 6, 7, 8], 'e2': [1, 3, 6, 8], 'e3': [3, 4, 5]}",True
71,"{'e0': [1, 2, 3, 4, 5, 6, 7, 8], 'e1': [1, 2, 3, 6, 7], 'e2': [4, 5, 8], 'e3': [5, 7]}",True
72,"{'e0': [1, 2, 3, 4, 5, 6, 7, 8], 'e1': [1, 2, 3, 6, 8], 'e2': [4, 5]}",True
73,"{'e0': [1, 2, 3, 4, 5, 6, 7, 8], 'e1': [1, 2, 3, 6, 8], 'e2': [4, 6, 7], 'e3': [1, 2, 7]}",True
74,"{'e0': [1, 2, 3, 4, 5, 6, 7, 8], 'e1': [1, 2, 3, 7], 'e2': [1, 4, 7], 'e3': [4, 7]}",True
75,"{'e0': [1, 2, 3, 4, 5, 6, 7, 8], 'e1': [1, 2, 3, 8], 'e2': [1, 3, 6, 7]}",True
76,"{'e0': [1, 2, 3, 4, 5, 6, 7, 8], 'e1': [1, 2, 3, 8], 'e2': [2, 4, 8], 'e3': [2, 4, 5]}",True
77,"{'e0': [1, 2, 3, 4, 5, 6, 7, 8], 'e1': [1, 2, 3, 8], 'e2': [4, 5, 6, 8], 'e3': [7, 8]}",True
78,"{'e0': [1, 2, 3, 4, 5, 6, 7, 8], 'e1': [1, 2, 4, 5, 6, 7, 8], 'e2': [2, 6, 7], 'e3': [3, 5, 8]}",True
79,"{'e0': [1, 2, 3, 4, 5, 6, 7, 8], 'e1': [1, 2, 4, 5, 6, 7, 8], 'e2': [3, 5]}",True
80,"{'e0': [1, 2, 3, 4, 5, 6, 7, 8], 'e1': [1, 2, 4, 5, 6, 7, 8], 'e2': [5, 6, 7], 'e3': [1, 3, 6]}",True
81,"{'e0': [1, 2, 3, 4, 5, 6, 7, 8], 'e1': [1, 2, 4, 5, 6, 7], 'e2': [2, 4, 5], 'e3': [1, 6]}",True
82,"{'e0': [1, 2, 3, 4, 5, 6, 7, 8], 'e1': [1, 2, 4, 5, 6, 7], 'e2': [3, 5, 7, 8], 'e3': [5, 7, 8]}",True
83,"{'e0': [1, 2, 3, 4, 5, 6, 7, 8], 'e1': [1, 2, 4, 5, 6, 7], 'e2': [3, 6, 7, 8], 'e3': [3, 5, 8]}",True
84,"{'e0': [1, 2, 3, 4, 5, 6, 7, 8], 'e1': [1, 2, 4, 5, 6, 8], 'e2': [1, 2, 4, 6]}",True
85,"{'e0': [1, 2, 3, 4, 5, 6, 7, 8], 'e1': [1, 2, 4, 5, 6], 'e2': [5, 7, 8], 'e3': [1, 3, 7]}",True
86,"{'e0': [1, 2, 3, 4, 5, 6, 7, 8], 'e1': [1, 2, 4, 5, 7, 8], 'e2': [1, 2, 5, 8], 'e3': [3, 6]}",True
87,"{'e0': [1, 2, 3, 4, 5, 6, 7, 8], 'e1': [1, 2, 4, 5, 7, 8], 'e2': [1, 5, 6, 7], 'e3': [4, 8]}",True
88,"{'e0': [1, 2, 3, 4, 5, 6, 7, 8], 'e1': [1, 2, 4, 5, 7, 8], 'e2': [3, 4, 6, 7], 'e3': [7, 8]}",True
89,"{'e0': [1, 2, 3, 4, 5, 6, 7, 8], 'e1': [1, 2, 4, 5, 7, 8], 'e2': [3, 5, 6, 8], 'e3': [5, 8]}",True
90,"{'e0': [1, 2, 3, 4, 5, 6, 7, 8], 'e1': [1, 2, 4, 5, 7, 8], 'e2': [5, 6, 7], 'e3': [3, 5]}",True
91,"{'e0': [1, 2, 3, 4, 5, 6, 7, 8], 'e1': [1, 2, 4, 5, 7], 'e2': [2, 4, 7]}",True
92,"{'e0': [1, 2, 3, 4, 5, 6, 7, 8], 'e1': [1, 2, 4, 5, 8], 'e2': [2, 5, 8], 'e3': [1, 4]}",True
93,"{'e0': [1, 2, 3, 4, 5, 6, 7, 8], 'e1': [1, 2, 4, 5], 'e2': [1, 3, 7, 8], 'e3': [5, 6]}",True
94,"{'e0': [1, 2, 3, 4, 5, 6, 7, 8], 'e1': [1, 2, 4, 5], 'e2': [2, 4, 7], 'e3': [5, 6]}",True
95,"{'e0': [1, 2, 3, 4, 5, 6, 7, 8], 'e1': [1, 2, 4, 6, 7, 8], 'e2': [1, 2, 4, 6], 'e3': [4, 7, 8]}",True
96,"{'e0': [1, 2, 3, 4, 5, 6, 7, 8], 'e1': [1, 2, 4, 6, 7, 8], 'e2': [3, 4, 6], 'e3': [1, 3, 7]}",True
97,"{'e0': [1, 2, 3, 4, 5, 6, 7, 8], 'e1': [1, 2, 4, 6, 7, 8], 'e2': [3, 7, 8]}",True
98,"{'e0': [1, 2, 3, 4, 5, 6, 7, 8], 'e1': [1, 2, 4, 7, 8], 'e2': [3, 4, 8], 'e3': [3, 5]}",True
99,"{'e0': [1, 2, 3, 4, 5, 6, 7, 8], 'e1': [1, 2, 4, 7], 'e2': [3, 4, 8], 'e3': [3, 8]}",True
100,"{'e0': [1, 2, 3, 4, 5, 6, 7, 8], 'e1': [1, 2, 4, 7], 'e2': [4, 5, 7], 'e3': [1, 2, 5]}",True
101,"{'e0': [1, 2, 3, 4, 5, 6, 7, 8], 'e1': [1, 2, 4, 8], 'e2': [1, 2, 3, 4], 'e3': [1, 4]}",True
102,"{'e0': [1, 2, 3, 4, 5, 6, 7, 8], 'e1': [1, 2, 4, 8], 'e2': [1, 2, 4], 'e3': [1, 5, 8]}",True
103,"{'e0': [1, 2, 3, 4, 5, 6, 7, 8], 'e1': [1, 2, 4], 'e2': [1, 2, 7], 'e3': [1, 5, 6]}",True
104,"{'e0': [1, 2, 3, 4, 5, 6, 7, 8], 'e1': [1, 2, 5, 6, 7, 8], 'e2': [1, 5, 8]}",True
105,"{'e0': [1, 2, 3, 4, 5, 6, 7, 8], 'e1': [1, 2, 5, 6, 7, 8], 'e2': [2, 3]}",True
106,"{'e0': [1, 2, 3, 4, 5, 6, 7, 8], 'e1': [1, 2, 5, 6, 7, 8], 'e2': [2, 4, 6], 'e3': [2, 6, 7]}",True
107,"{'e0': [1, 2, 3, 4, 5, 6, 7, 8], 'e1': [1, 2, 5, 6, 7, 8], 'e2': [3, 4, 8]}",True
108,"{'e0': [1, 2, 3, 4, 5, 6, 7, 8], 'e1': [1, 2, 5, 6, 7, 8], 'e2': [3, 5, 8], 'e3': [3, 4, 8]}",True
109,"{'e0': [1, 2, 3, 4, 5, 6, 7, 8], 'e1': [1, 2, 5, 6, 8], 'e2': [3, 4, 7], 'e3': [2, 5, 8]}",True
110,"{'e0': [1, 2, 3, 4, 5, 6, 7, 8], 'e1': [1, 2, 5, 6], 'e2': [1, 7]}",True
111,"{'e0': [1, 2, 3, 4, 5, 6, 7, 8], 'e1': [1, 2, 5, 6], 'e2': [3, 4, 7]}",True
112,"{'e0': [1, 2, 3, 4, 5, 6, 7, 8], 'e1': [1, 2, 5, 7, 8], 'e2': [1, 2, 3, 8]}",True
113,"{'e0': [1, 2, 3, 4, 5, 6, 7, 8], 'e1': [1, 2, 5, 7, 8], 'e2': [1, 2, 7], 'e3': [3, 6]}",True
114,"{'e0': [1, 2, 3, 4, 5, 6, 7, 8], 'e1': [1, 2, 5, 7, 8], 'e2': [6, 7, 8]}",True
115,"{'e0': [1, 2, 3, 4, 5, 6, 7, 8], 'e1': [1, 2, 5, 7], 'e2': [2, 3, 6], 'e3': [3, 6, 7]}",True
116,"{'e0': [1, 2, 3, 4, 5, 6, 7, 8], 'e1': [1, 2, 5, 8], 'e2': [1, 5, 8], 'e3': [2, 4, 7]}",True
117,"{'e0': [1, 2, 3, 4, 5, 6, 7, 8], 'e1': [1, 2, 6, 7, 8], 'e2': [1, 4, 6], 'e3': [3, 8]}",True
118,"{'e0': [1, 2, 3, 4, 5, 6, 7, 8], 'e1': [1, 2, 6, 7], 'e2': [3, 5, 8], 'e3': [2, 5]}",True
119,"{'e0': [1, 2, 3, 4, 5, 6, 7, 8], 'e1': [1, 2, 6, 7], 'e2': [4, 5, 8], 'e3': [2, 6, 7]}",True
120,"{'e0': [1, 2, 3, 4, 5, 6, 7, 8], 'e1': [1, 2, 8], 'e2': [5, 7, 8], 'e3': [3, 4, 6]}",True
121,"{'e0': [1, 2, 3, 4, 5, 6, 7, 8], 'e1': [1, 3, 4, 5, 6, 7, 8], 'e2': [1, 2, 3, 4, 6, 7]}",True
122,"{'e0': [1, 2, 3, 4, 5, 6, 7, 8], 'e1': [1, 3, 4, 5, 6, 7, 8], 'e2': [1, 3, 5, 6, 7], 'e3': [2, 3, 7]}",True
123,"{'e0': [1, 2, 3, 4, 5, 6, 7, 8], 'e1': [1, 3, 4, 5, 6, 7, 8], 'e2': [1, 4, 6], 'e3': [3, 7, 8]}",True
124,"{'e0': [1, 2, 3, 4, 5, 6, 7, 8], 'e1': [1, 3, 4, 5, 6, 7, 8], 'e2': [1, 4, 7], 'e3': [1, 3, 6]}",True
125,"{'e0': [1, 2, 3, 4, 5, 6, 7, 8], 'e1': [1, 3, 4, 5, 6, 7], 'e2': [1, 2, 3, 4], 'e3': [2, 5, 8]}",True
126,"{'e0': [1, 2, 3, 4, 5, 6, 7, 8], 'e1': [1, 3, 4, 5, 6, 7], 'e2': [1, 2, 7], 'e3': [3, 5]}",True
127,"{'e0': [1, 2, 3, 4, 5, 6, 7, 8], 'e1': [1, 3, 4, 5, 6, 7], 'e2': [1, 3, 5, 6, 7]}",True
128,"{'e0': [1, 2, 3, 4, 5, 6, 7, 8], 'e1': [1, 3, 4, 5, 6, 7], 'e2': [1, 3, 6, 8], 'e3': [3, 6]}",True
129,"{'e0': [1, 2, 3, 4, 5, 6, 7, 8], 'e1': [1, 3, 4, 5, 6, 7], 'e2': [1, 4, 6, 8], 'e3': [2, 3, 5]}",True
130,"{'e0': [1, 2, 3, 4, 5, 6, 7, 8], 'e1': [1, 3, 4, 5, 6, 7], 'e2': [1, 5, 7, 8], 'e3': [2, 4, 7]}",True
131,"{'e0': [1, 2, 3, 4, 5, 6, 7, 8], 'e1': [1, 3, 4, 5, 6, 7], 'e2': [2, 4, 8], 'e3': [1, 4, 7]}",True
132,"{'e0': [1, 2, 3, 4, 5, 6, 7, 8], 'e1': [1, 3, 4, 5, 6, 7], 'e2': [3, 5, 7, 8], 'e3': [3, 4, 5]}",True
133,"{'e0': [1, 2, 3, 4, 5, 6, 7, 8], 'e1': [1, 3, 4, 5, 6, 8], 'e2': [1, 2, 3, 7], 'e3': [1, 6, 8]}",True
134,"{'e0': [1, 2, 3, 4, 5, 6, 7, 8], 'e1': [1, 3, 4, 5, 6, 8], 'e2': [3, 4, 6, 8], 'e3': [2, 5, 7]}",True
135,"{'e0': [1, 2, 3, 4, 5, 6, 7, 8], 'e1': [1, 3, 4, 5, 6], 'e2': [2, 7, 8], 'e3': [1, 5, 7]}",True
136,"{'e0': [1, 2, 3, 4, 5, 6, 7, 8], 'e1': [1, 3, 4, 5, 6], 'e2': [3, 6, 7], 'e3': [2, 4, 5]}",True
137,"{'e0': [1, 2, 3, 4, 5, 6, 7, 8], 'e1': [1, 3, 4, 5, 7, 8], 'e2': [1, 2, 3, 5], 'e3': [1, 3, 6]}",True
138,"{'e0': [1, 2, 3, 4, 5, 6, 7, 8], 'e1': [1, 3, 4, 5, 7, 8], 'e2': [1, 2, 3, 5], 'e3': [1, 6]}",True
139,"{'e0': [1, 2, 3, 4, 5, 6, 7, 8], 'e1': [1, 3, 4, 5, 7, 8], 'e2': [1, 3, 5, 7], 'e3': [2, 4, 8]}",True
140,"{'e0': [1, 2, 3, 4, 5, 6, 7, 8], 'e1': [1, 3, 4, 5, 7, 8], 'e2': [1, 3, 7], 'e3': [5, 6]}",True
141,"{'e0': [1, 2, 3, 4, 5, 6, 7, 8], 'e1': [1, 3, 4, 5, 7, 8], 'e2': [2, 5, 6], 'e3': [2, 6, 7]}",True
142,"{'e0': [1, 2, 3, 4, 5, 6, 7, 8], 'e1': [1, 3, 4, 5, 7, 8], 'e2': [3, 4, 5, 6, 7, 8]}",True
143,"{'e0': [1, 2, 3, 4, 5, 6, 7, 8], 'e1': [1, 3, 4, 5, 7, 8], 'e2': [5, 6, 7, 8], 'e3': [2, 6, 7]}",True
144,"{'e0': [1, 2, 3, 4, 5, 6, 7, 8], 'e1': [1, 3, 4, 5, 7], 'e2': [3, 7, 8], 'e3': [1, 4, 5]}",True
145,"{'e0': [1, 2, 3, 4, 5, 6, 7, 8], 'e1': [1, 3, 4, 5, 8], 'e2': [4, 6, 7], 'e3': [2, 7]}",True
146,"{'e0': [1, 2, 3, 4, 5, 6, 7, 8], 'e1': [1, 3, 4, 5], 'e2': [2, 3, 5], 'e3': [1, 3]}",True
147,"{'e0': [1, 2, 3, 4, 5, 6, 7, 8], 'e1': [1, 3, 4, 5], 'e2': [2, 3, 7], 'e3': [6, 8]}",True
148,"{'e0': [1, 2, 3, 4, 5, 6, 7, 8], 'e1': [1, 3, 4, 5], 'e2': [2, 6, 7, 8]}",True
149,"{'e0': [1, 2, 3, 4, 5, 6, 7, 8], 'e1': [1, 3, 4, 5], 'e2': [3, 4, 5], 'e3': [4, 7]}",True
150,"{'e0': [1, 2, 3, 4, 5, 6, 7, 8], 'e1': [1, 3, 4, 6, 7, 8], 'e2': [1, 2, 3, 5], 'e3': [1, 2, 6]}",True
151,"{'e0': [1, 2, 3, 4, 5, 6, 7, 8], 'e1': [1, 3, 4, 6, 7, 8], 'e2': [1, 2, 4, 7]}",True
152,"{'e0': [1, 2, 3, 4, 5, 6, 7, 8], 'e1': [1, 3, 4, 6, 7, 8], 'e2': [1, 2, 5], 'e3': [2, 5]}",True
153,"{'e0': [1, 2, 3, 4, 5, 6, 7, 8], 'e1': [1, 3, 4, 6, 7, 8], 'e2': [1, 4, 6, 7], 'e3': [3, 4, 7]}",True
154,"{'e0': [1, 2, 3, 4, 5, 6, 7, 8], 'e1': [1, 3, 4, 6, 7, 8], 'e2': [1, 6, 7], 'e3': [1, 4, 8]}",True
155,"{'e0': [1, 2, 3, 4, 5, 6, 7, 8], 'e1': [1, 3, 4, 6, 7, 8], 'e2': [2, 5, 7], 'e3': [3, 6]}",True
156,"{'e0': [1, 2, 3, 4, 5, 6, 7, 8], 'e1': [1, 3, 4, 6, 7, 8], 'e2': [3, 5, 6, 8], 'e3': [1, 4, 5]}",True
157,"{'e0': [1, 2, 3, 4, 5, 6, 7, 8], 'e1': [1, 3, 4, 6, 7], 'e2': [3, 5, 8], 'e3': [5, 8]}",True
158,"{'e0': [1, 2, 3, 4, 5, 6, 7, 8], 'e1': [1, 3, 4, 6], 'e2': [2, 3, 5], 'e3': [1, 7, 8]}",True
159,"{'e0': [1, 2, 3, 4, 5, 6, 7, 8], 'e1': [1, 3, 4, 7, 8], 'e2': [2, 7, 8], 'e3': [5, 6, 7]}",True
160,"{'e0': [1, 2, 3, 4, 5, 6, 7, 8], 'e1': [1, 3, 4, 7], 'e2': [2, 3, 6, 8]}",True
161,"{'e0': [1, 2, 3, 4, 5, 6, 7, 8], 'e1': [1, 3, 4, 8], 'e2': [1, 2, 4], 'e3': [2, 7]}",True
162,"{'e0': [1, 2, 3, 4, 5, 6, 7, 8], 'e1': [1, 3, 5, 6, 7, 8], 'e2': [1, 3, 4, 8], 'e3': [3, 4, 6]}",True
163,"{'e0': [1, 2, 3, 4, 5, 6, 7, 8], 'e1': [1, 3, 5, 6, 7, 8], 'e2': [1, 4, 5, 7], 'e3': [7, 8]}",True
164,"{'e0': [1, 2, 3, 4, 5, 6, 7, 8], 'e1': [1, 3, 5, 6, 7, 8], 'e2': [1, 6, 8], 'e3': [2, 3, 4]}",True
165,"{'e0': [1, 2, 3, 4, 5, 6, 7, 8], 'e1': [1, 3, 5, 6, 7, 8], 'e2': [2, 3, 4, 5, 6]}",True
166,"{'e0': [1, 2, 3, 4, 5, 6, 7, 8], 'e1': [1, 3, 5, 6, 7, 8], 'e2': [2, 3, 4, 6], 'e3': [1, 8]}",True
167,"{'e0': [1, 2, 3, 4, 5, 6, 7, 8], 'e1': [1, 3, 5, 6, 7], 'e2': [1, 3, 6, 7]}",True
168,"{'e0': [1, 2, 3, 4, 5, 6, 7, 8], 'e1': [1, 3, 5, 6, 7], 'e2': [1, 3, 8], 'e3': [5, 7]}",True
169,"{'e0': [1, 2, 3, 4, 5, 6, 7, 8], 'e1': [1, 3, 5, 6, 7], 'e2': [2, 3, 4], 'e3': [2, 4, 6]}",True
170,"{'e0': [1, 2, 3, 4, 5, 6, 7, 8], 'e1': [1, 3, 5, 6, 7], 'e2': [2, 4, 5, 8]}",True
171,"{'e0': [1, 2, 3, 4, 5, 6, 7, 8], 'e1': [1, 3, 5, 6, 7], 'e2': [3, 6, 7], 'e3': [3, 7]}",True
172,"{'e0': [1, 2, 3, 4, 5, 6, 7, 8], 'e1': [1, 3, 5, 6], 'e2': [4, 7, 8], 'e3': [2, 3, 7]}",True
173,"{'e0': [1, 2, 3, 4, 5, 6, 7, 8], 'e1': [1, 3, 5, 7, 8], 'e2': [1, 2, 6], 'e3': [1, 2]}",True
174,"{'e0': [1, 2, 3, 4, 5, 6, 7, 8], 'e1': [1, 3, 5, 7, 8], 'e2': [2, 4, 7], 'e3': [1, 7]}",True
175,"{'e0': [1, 2, 3, 4, 5, 6, 7, 8], 'e1': [1, 3, 5, 7], 'e2': [1, 3, 7], 'e3': [2, 6]}",True
176,"{'e0': [1, 2, 3, 4, 5, 6, 7, 8], 'e1': [1, 3, 5, 7], 'e2': [2, 4, 6, 8], 'e3': [2, 4]}",True
177,"{'e0': [1, 2, 3, 4, 5, 6, 7, 8], 'e1': [1, 3, 5, 8], 'e2': [2, 6, 7], 'e3': [1, 4]}",True
178,"{'e0': [1, 2, 3, 4, 5, 6, 7, 8], 'e1': [1, 3, 5, 8], 'e2': [3, 5, 8], 'e3': [1, 7]}",True
179,"{'e0': [1, 2, 3, 4, 5, 6, 7, 8], 'e1': [1, 3, 6, 7, 8], 'e2': [1, 2, 6], 'e3': [2, 6]}",True
180,"{'e0': [1, 2, 3, 4, 5, 6, 7, 8], 'e1': [1, 3, 6, 7], 'e2': [1, 4, 8], 'e3': [1, 2]}",True
181,"{'e0': [1, 2, 3, 4, 5, 6, 7, 8], 'e1': [1, 3, 6], 'e2': [2, 5, 7]}",True
182,"{'e0': [1, 2, 3, 4, 5, 6, 7, 8], 'e1': [1, 3, 7, 8], 'e2': [4, 7, 8], 'e3': [2, 6, 7]}",True
183,"{'e0': [1, 2, 3, 4, 5, 6, 7, 8], 'e1': [1, 4, 5, 6, 7, 8], 'e2': [2, 4, 5], 'e3': [5, 7, 8]}",True
184,"{'e0': [1, 2, 3, 4, 5, 6, 7, 8], 'e1': [1, 4, 5, 6, 7, 8], 'e2': [3, 4, 8], 'e3': [2, 4, 8]}",True
185,"{'e0': [1, 2, 3, 4, 5, 6, 7, 8], 'e1': [1, 4, 5, 6, 7], 'e2': [1, 3, 4], 'e3': [2, 4]}",True
186,"{'e0': [1, 2, 3, 4, 5, 6, 7, 8], 'e1': [1, 4, 5, 6, 7], 'e2': [2, 3, 4, 5, 7]}",True
187,"{'e0': [1, 2, 3, 4, 5, 6, 7, 8], 'e1': [1, 4, 5, 6, 8], 'e2': [1, 2, 3], 'e3': [2, 4]}",True
188,"{'e0': [1, 2, 3, 4, 5, 6, 7, 8], 'e1': [1, 4, 5, 7, 8], 'e2': [1, 2, 3], 'e3': [5, 7]}",True
189,"{'e0': [1, 2, 3, 4, 5, 6, 7, 8], 'e1': [1, 4, 5, 7, 8], 'e2': [2, 5, 7], 'e3': [3, 6]}",True
190,"{'e0': [1, 2, 3, 4, 5, 6, 7, 8], 'e1': [1, 4, 5, 7], 'e2': [2, 5, 7, 8], 'e3': [6, 7]}",True
191,"{'e0': [1, 2, 3, 4, 5, 6, 7, 8], 'e1': [1, 4, 5, 8], 'e2': [2, 5, 6], 'e3': [2, 7, 8]}",True
192,"{'e0': [1, 2, 3, 4, 5, 6, 7, 8], 'e1': [1, 4, 5, 8], 'e2': [3, 4, 7, 8], 'e3': [5, 6]}",True
193,"{'e0': [1, 2, 3, 4, 5, 6, 7, 8], 'e1': [1, 4, 6, 7], 'e2': [1, 5, 6, 7], 'e3': [3, 8]}",True
194,"{'e0': [1, 2, 3, 4, 5, 6, 7, 8], 'e1': [1, 4, 6, 7], 'e2': [3, 4, 5, 6], 'e3': [3, 5]}",True
195,"{'e0': [1, 2, 3, 4, 5, 6, 7, 8], 'e1': [1, 4, 6, 8], 'e2': [1, 3, 5], 'e3': [1, 6]}",True
196,"{'e0': [1, 2, 3, 4, 5, 6, 7, 8], 'e1': [1, 4, 6, 8], 'e2': [2, 5, 6], 'e3': [1, 5, 8]}",True
197,"{'e0': [1, 2, 3, 4, 5, 6, 7, 8], 'e1': [1, 4, 6, 8], 'e2': [2, 5, 7], 'e3': [2, 7]}",True
198,"{'e0': [1, 2, 3, 4, 5, 6, 7, 8], 'e1': [1, 4, 7, 8], 'e2': [1, 3, 8], 'e3': [2, 3, 5]}",True
199,"{'e0': [1, 2, 3, 4, 5, 6, 7, 8], 'e1': [1, 4, 7, 8], 'e2': [1, 4, 7], 'e3': [4, 7, 8]}",True
200,"{'e0': [1, 2, 3, 4, 5, 6, 7, 8], 'e1': [1, 5, 6, 7], 'e2': [1, 2, 7], 'e3': [1, 7]}",True
201,"{'e0': [1, 2, 3, 4, 5, 6, 7, 8], 'e1': [1, 5, 6, 7], 'e2': [1, 3, 5, 6], 'e3': [3, 5]}",True
202,"{'e0': [1, 2, 3, 4, 5, 6, 7, 8], 'e1': [1, 5, 6, 7], 'e2': [2, 3, 8], 'e3': [3, 4]}",True
203,"{'e0': [1, 2, 3, 4, 5, 6, 7, 8], 'e1': [1, 5, 6, 8], 'e2': [1, 5, 6], 'e3': [6, 8]}",True
204,"{'e0': [1, 2, 3, 4, 5, 6, 7, 8], 'e1': [1, 5, 6, 8], 'e2': [2, 3, 7], 'e3': [4, 5, 6]}",True
205,"{'e0': [1, 2, 3, 4, 5, 6, 7, 8], 'e1': [1, 5, 6, 8], 'e2': [3, 6, 7, 8], 'e3': [5, 7]}",True
206,"{'e0': [1, 2, 3, 4, 5, 6, 7, 8], 'e1': [1, 6, 7, 8], 'e2': [1, 2, 3, 7], 'e3': [1, 7]}",True
207,"{'e0': [1, 2, 3, 4, 5, 6, 7, 8], 'e1': [1, 6, 7, 8], 'e2': [4, 5, 6], 'e3': [4, 7]}",True
208,"{'e0': [1, 2, 3, 4, 5, 6, 7, 8], 'e1': [1, 6, 7, 8], 'e2': [4, 5, 8]}",True
209,"{'e0': [1, 2, 3, 4, 5, 6, 7, 8], 'e1': [1, 6, 7], 'e2': [4, 5, 8], 'e3': [3, 4, 5]}",True
210,"{'e0': [1, 2, 3, 4, 5, 6, 7, 8], 'e1': [1, 6, 8], 'e2': [1, 7, 8], 'e3': [1, 4, 8]}",True
211,"{'e0': [1, 2, 3, 4, 5, 6, 7, 8], 'e1': [1, 6, 8], 'e2': [1, 8]}",True
212,"{'e0': [1, 2, 3, 4, 5, 6, 7, 8], 'e1': [2, 3, 4, 5, 6, 7, 8], 'e2': [1, 2, 6], 'e3': [1, 5, 8]}",True
213,"{'e0': [1, 2, 3, 4, 5, 6, 7, 8], 'e1': [2, 3, 4, 5, 6, 7, 8], 'e2': [2, 3, 4, 5, 8], 'e3': [1, 2, 7]}",True
214,"{'e0': [1, 2, 3, 4, 5, 6, 7, 8], 'e1': [2, 3, 4, 5, 6, 7, 8], 'e2': [2, 3, 4, 6, 7, 8]}",True
215,"{'e0': [1, 2, 3, 4, 5, 6, 7, 8], 'e1': [2, 3, 4, 5, 6, 7, 8], 'e2': [2, 3, 4, 6, 8], 'e3': [2, 3, 6]}",True
216,"{'e0': [1, 2, 3, 4, 5, 6, 7, 8], 'e1': [2, 3, 4, 5, 6, 7, 8], 'e2': [2, 4, 7], 'e3': [1, 4, 7]}",True
217,"{'e0': [1, 2, 3, 4, 5, 6, 7, 8], 'e1': [2, 3, 4, 5, 6, 7], 'e2': [1, 3, 4, 6, 7]}",True
218,"{'e0': [1, 2, 3, 4, 5, 6, 7, 8], 'e1': [2, 3, 4, 5, 6, 7], 'e2': [1, 3, 6, 8], 'e3': [1, 3]}",True
219,"{'e0': [1, 2, 3, 4, 5, 6, 7, 8], 'e1': [2, 3, 4, 5, 6, 7], 'e2': [1, 4, 6], 'e3': [4, 6]}",True
220,"{'e0': [1, 2, 3, 4, 5, 6, 7, 8], 'e1': [2, 3, 4, 5, 6, 7], 'e2': [2, 4, 6, 7], 'e3': [2, 3, 8]}",True
221,"{'e0': [1, 2, 3, 4, 5, 6, 7, 8], 'e1': [2, 3, 4, 5, 6, 8], 'e2': [1, 3, 4, 7], 'e3': [3, 4, 5]}",True
222,"{'e0': [1, 2, 3, 4, 5, 6, 7, 8], 'e1': [2, 3, 4, 5, 6, 8], 'e2': [3, 4, 6], 'e3': [4, 6]}",True
223,"{'e0': [1, 2, 3, 4, 5, 6, 7, 8], 'e1': [2, 3, 4, 5, 6], 'e2': [4, 8]}",True
224,"{'e0': [1, 2, 3, 4, 5, 6, 7, 8], 'e1': [2, 3, 4, 5, 7, 8], 'e2': [1, 3, 4, 5], 'e3': [3, 4, 5]}",True
225,"{'e0': [1, 2, 3, 4, 5, 6, 7, 8], 'e1': [2, 3, 4, 5, 7, 8], 'e2': [4, 5, 6], 'e3': [1, 3, 6]}",True
226,"{'e0': [1, 2, 3, 4, 5, 6, 7, 8], 'e1': [2, 3, 4, 5], 'e2': [1, 5, 6], 'e3': [3, 4, 5]}",True
227,"{'e0': [1, 2, 3, 4, 5, 6, 7, 8], 'e1': [2, 3, 4, 6, 7, 8], 'e2': [1, 3, 6, 8], 'e3': [2, 4, 6]}",True
228,"{'e0': [1, 2, 3, 4, 5, 6, 7, 8], 'e1': [2, 3, 4, 6, 7, 8], 'e2': [1, 3, 7], 'e3': [1, 5]}",True
229,"{'e0': [1, 2, 3, 4, 5, 6, 7, 8], 'e1': [2, 3, 4, 6, 7, 8], 'e2': [2, 3, 6, 8], 'e3': [3, 4]}",True
230,"{'e0': [1, 2, 3, 4, 5, 6, 7, 8], 'e1': [2, 3, 4, 6, 7, 8], 'e2': [2, 4, 7], 'e3': [3, 4]}",True
231,"{'e0': [1, 2, 3, 4, 5, 6, 7, 8], 'e1': [2, 3, 4, 6, 7, 8], 'e2': [3, 5, 7, 8], 'e3': [2, 4, 6]}",True
232,"{'e0': [1, 2, 3, 4, 5, 6, 7, 8], 'e1': [2, 3, 4, 6, 8], 'e2': [1, 5, 8], 'e3': [7, 8]}",True
233,"{'e0': [1, 2, 3, 4, 5, 6, 7, 8], 'e1': [2, 3, 4, 6, 8], 'e2': [4, 5, 8], 'e3': [2, 5]}",True
234,"{'e0': [1, 2, 3, 4, 5, 6, 7, 8], 'e1': [2, 3, 4, 6], 'e2': [2, 3, 4]}",True
235,"{'e0': [1, 2, 3, 4, 5, 6, 7, 8], 'e1': [2, 3, 4, 7, 8], 'e2': [1, 3, 4, 7, 8]}",True
236,"{'e0': [1, 2, 3, 4, 5, 6, 7, 8], 'e1': [2, 3, 4, 7, 8], 'e2': [1, 5, 6], 'e3': [4, 5, 6]}",True
237,"{'e0': [1, 2, 3, 4, 5, 6, 7, 8], 'e1': [2, 3, 5, 6, 7, 8], 'e2': [1, 2, 4, 6]}",True
238,"{'e0': [1, 2, 3, 4, 5, 6, 7, 8], 'e1': [2, 3, 5, 6, 7, 8], 'e2': [1, 4, 6, 8], 'e3': [1, 4]}",True
239,"{'e0': [1, 2, 3, 4, 5, 6, 7, 8], 'e1': [2, 3, 5, 6, 7, 8], 'e2': [3, 5, 7], 'e3': [3, 7, 8]}",True
240,"{'e0': [1, 2, 3, 4, 5, 6, 7, 8], 'e1': [2, 3, 5, 6, 7], 'e2': [1, 2, 5, 8]}",True
241,"{'e0': [1, 2, 3, 4, 5, 6, 7, 8], 'e1': [2, 3, 5, 6, 7], 'e2': [2, 3, 5], 'e3': [7, 8]}",True
242,"{'e0': [1, 2, 3, 4, 5, 6, 7, 8], 'e1': [2, 3, 5, 6, 7], 'e2': [3, 6, 8], 'e3': [3, 6]}",True
243,"{'e0': [1, 2, 3, 4, 5, 6, 7, 8], 'e1': [2, 3, 5, 6, 8], 'e2': [4, 6, 8], 'e3': [4, 5, 8]}",True
244,"{'e0': [1, 2, 3, 4, 5, 6, 7, 8], 'e1': [2, 3, 5, 6], 'e2': [1, 2, 3], 'e3': [1, 3, 6]}",True
245,"{'e0': [1, 2, 3, 4, 5, 6, 7, 8], 'e1': [2, 3, 5, 6], 'e2': [1, 3, 4, 7], 'e3': [1, 4]}",True
246,"{'e0': [1, 2, 3, 4, 5, 6, 7, 8], 'e1': [2, 3, 5, 6], 'e2': [1, 3, 4], 'e3': [5, 7]}",True
247,"{'e0': [1, 2, 3, 4, 5, 6, 7, 8], 'e1': [2, 3, 5, 7, 8], 'e2': [1, 2, 3], 'e3': [1, 3, 6]}",True
248,"{'e0': [1, 2, 3, 4, 5, 6, 7, 8], 'e1': [2, 3, 5, 7, 8], 'e2': [1, 2, 5], 'e3': [2, 5, 7]}",True
249,"{'e0': [1, 2, 3, 4, 5, 6, 7, 8], 'e1': [2, 3, 5, 8], 'e2': [1, 5, 7], 'e3': [4, 5, 6]}",True
250,"{'e0': [1, 2, 3, 4, 5, 6, 7, 8], 'e1': [2, 3, 5, 8], 'e2': [2, 3, 5, 7], 'e3': [1, 2]}",True
251,"{'e0': [1, 2, 3, 4, 5, 6, 7, 8], 'e1': [2, 3, 5], 'e2': [5, 6, 8], 'e3': [1, 3, 4]}",True
252,"{'e0': [1, 2, 3, 4, 5, 6, 7, 8], 'e1': [2, 3, 6, 7], 'e2': [2, 4, 5, 7], 'e3': [2, 4]}",True
253,"{'e0': [1, 2, 3, 4, 5, 6, 7, 8], 'e1': [2, 3, 6, 7], 'e2': [3, 7, 8], 'e3': [1, 3]}",True
254,"{'e0': [1, 2, 3, 4, 5, 6, 7, 8], 'e1': [2, 3, 7, 8], 'e2': [1, 2, 4], 'e3': [3, 8]}",True
255,"{'e0': [1, 2, 3, 4, 5, 6, 7, 8], 'e1': [2, 3, 7, 8], 'e2': [1, 3, 7], 'e3': [5, 6]}",True
256,"{'e0': [1, 2, 3, 4, 5, 6, 7, 8], 'e1': [2, 3, 7], 'e2': [1, 2, 7], 'e3': [3, 4, 8]}",True
257,"{'e0': [1, 2, 3, 4, 5, 6, 7, 8], 'e1': [2, 4, 5, 6, 7], 'e2': [2, 4, 7], 'e3': [1, 3, 6]}",True
258,"{'e0': [1, 2, 3, 4, 5, 6, 7, 8], 'e1': [2, 4, 5, 7, 8], 'e2': [1, 5, 6], 'e3': [3, 7]}",True
259,"{'e0': [1, 2, 3, 4, 5, 6, 7, 8], 'e1': [2, 4, 5, 7, 8], 'e2': [6, 7, 8], 'e3': [1, 7, 8]}",True
260,"{'e0': [1, 2, 3, 4, 5, 6, 7, 8], 'e1': [2, 4, 5, 8], 'e2': [1, 2, 4, 5], 'e3': [3, 8]}",True
261,"{'e0': [1, 2, 3, 4, 5, 6, 7, 8], 'e1': [2, 4, 5, 8], 'e2': [4, 5, 7, 8], 'e3': [2, 7]}",True
262,"{'e0': [1, 2, 3, 4, 5, 6, 7, 8], 'e1': [2, 4, 6, 8], 'e2': [3, 6, 7], 'e3': [3, 5, 7]}",True
263,"{'e0': [1, 2, 3, 4, 5, 6, 7, 8], 'e1': [2, 4, 6], 'e2': [2, 6, 8], 'e3': [2, 4, 5]}",True
264,"{'e0': [1, 2, 3, 4, 5, 6, 7, 8], 'e1': [2, 4, 6], 'e2': [5, 6]}",True
265,"{'e0': [1, 2, 3, 4, 5, 6, 7, 8], 'e1': [2, 4, 7, 8], 'e2': [1, 3, 5, 6], 'e3': [1, 4]}",True
266,"{'e0': [1, 2, 3, 4, 5, 6, 7, 8], 'e1': [2, 5, 6, 7, 8], 'e2': [1, 3, 4], 'e3': [1, 4]}",True
267,"{'e0': [1, 2, 3, 4, 5, 6, 7, 8], 'e1': [2, 5, 6, 7, 8], 'e2': [1, 3, 4], 'e3': [2, 7]}",True
268,"{'e0': [1, 2, 3, 4, 5, 6, 7, 8], 'e1': [2, 5, 6, 7, 8], 'e2': [2, 4, 6], 'e3': [2, 5]}",True
269,"{'e0': [1, 2, 3, 4, 5, 6, 7, 8], 'e1': [2, 5, 6, 7, 8], 'e2': [2, 5, 7], 'e3': [2, 8]}",True
270,"{'e0': [1, 2, 3, 4, 5, 6, 7, 8], 'e1': [2, 5, 6, 8], 'e2': [3, 5, 6]}",True
271,"{'e0': [1, 2, 3, 4, 5, 6, 7, 8], 'e1': [2, 6, 7], 'e2': [3, 4, 6], 'e3': [5, 6, 8]}",True
272,"{'e0': [1, 2, 3, 4, 5, 6, 7, 8], 'e1': [2, 6, 8], 'e2': [2, 4, 8], 'e3': [2, 4, 6]}",True
273,"{'e0': [1, 2, 3, 4, 5, 6, 7, 8], 'e1': [3, 4, 5, 6, 7, 8], 'e2': [1, 2, 3, 4], 'e3': [2, 8]}",True
274,"{'e0': [1, 2, 3, 4, 5, 6, 7, 8], 'e1': [3, 4, 5, 6, 7, 8], 'e2': [1, 3, 4], 'e3': [2, 8]}",True
275,"{'e0': [1, 2, 3, 4, 5, 6, 7, 8], 'e1': [3, 4, 5, 6, 7, 8], 'e2': [1, 3, 5], 'e3': [2, 5, 8]}",True
276,"{'e0': [1, 2, 3, 4, 5, 6, 7, 8], 'e1': [3, 4, 5, 6, 7], 'e2': [2, 3, 6], 'e3': [4, 5, 6]}",True
277,"{'e0': [1, 2, 3, 4, 5, 6, 7, 8], 'e1': [3, 4, 5, 6], 'e2': [2, 6, 7, 8], 'e3': [3, 7]}",True
278,"{'e0': [1, 2, 3, 4, 5, 6, 7, 8], 'e1': [3, 4, 5, 6], 'e2': [3, 4, 6], 'e3': [4, 6]}",True
279,"{'e0': [1, 2, 3, 4, 5, 6, 7, 8], 'e1': [3, 4, 5, 7, 8], 'e2': [1, 4, 7], 'e3': [1, 3, 8]}",True
280,"{'e0': [1, 2, 3, 4, 5, 6, 7, 8], 'e1': [3, 4, 5, 7, 8], 'e2': [2, 6, 8], 'e3': [1, 2, 8]}",True
281,"{'e0': [1, 2, 3, 4, 5, 6, 7, 8], 'e1': [3, 4, 5, 7], 'e2': [1, 5, 7, 8], 'e3': [2, 6]}",True
282,"{'e0': [1, 2, 3, 4, 5, 6, 7, 8], 'e1': [3, 4, 5, 8], 'e2': [2, 3, 4], 'e3': [1, 3, 8]}",True
283,"{'e0': [1, 2, 3, 4, 5, 6, 7, 8], 'e1': [3, 4, 5], 'e2': [3, 7, 8], 'e3': [4, 7, 8]}",True
284,"{'e0': [1, 2, 3, 4, 5, 6, 7, 8], 'e1': [3, 4, 6, 7, 8], 'e2': [1, 2, 3, 5, 8]}",True
285,"{'e0': [1, 2, 3, 4, 5, 6, 7, 8], 'e1': [3, 4, 6, 7, 8], 'e2': [2, 3, 5]}",True
286,"{'e0': [1, 2, 3, 4, 5, 6, 7, 8], 'e1': [3, 4, 6, 7, 8], 'e2': [3, 4, 7], 'e3': [6, 7, 8]}",True
287,"{'e0': [1, 2, 3, 4, 5, 6, 7, 8], 'e1': [3, 4, 6, 7, 8], 'e2': [3, 7]}",True
288,"{'e0': [1, 2, 3, 4, 5, 6, 7, 8], 'e1': [3, 4, 6, 8], 'e2': [1, 4, 8], 'e3': [2, 4, 8]}",True
289,"{'e0': [1, 2, 3, 4, 5, 6, 7, 8], 'e1': [3, 4, 7, 8], 'e2': [3, 6, 7, 8]}",True
290,"{'e0': [1, 2, 3, 4, 5, 6, 7, 8], 'e1': [3, 5, 6, 7], 'e2': [1, 3, 6], 'e3': [5, 7]}",True
291,"{'e0': [1, 2, 3, 4, 5, 6, 7, 8], 'e1': [3, 5, 6, 7], 'e2': [1, 4, 8], 'e3': [6, 7]}",True
292,"{'e0': [1, 2, 3, 4, 5, 6, 7, 8], 'e1': [3, 5, 6], 'e2': [1, 5, 7]}",True
293,"{'e0': [1, 2, 3, 4, 5, 6, 7, 8], 'e1': [3, 5, 8], 'e2': [4, 7]}",True
294,"{'e0': [1, 2, 3, 4, 5, 6, 7, 8], 'e1': [3, 6, 8], 'e2': [3, 5, 6]}",True
295,"{'e0': [1, 2, 3, 4, 5, 6, 7, 8], 'e1': [3, 6], 'e2': [1, 8]}",True
296,"{'e0': [1, 2, 3, 4, 5, 6, 7, 8], 'e1': [4, 5, 6, 7], 'e2': [5, 6, 8], 'e3': [7, 8]}",True
297,"{'e0': [1, 2, 3, 4, 5, 6, 7, 8], 'e1': [4, 5, 6, 8], 'e2': [1, 6, 8], 'e3': [3, 4, 7]}",True
298,"{'e0': [1, 2, 3, 4, 5, 6, 7, 8], 'e1': [4, 5, 6, 8], 'e2': [2, 3, 7], 'e3': [1, 2, 3]}",True
299,"{'e0': [1, 2, 3, 4, 5, 6, 7, 8], 'e1': [4, 5, 6, 8], 'e2': [4, 6, 7], 'e3': [1, 5, 8]}",True
300,"{'e0': [1, 2, 3, 4, 5, 6, 7, 8], 'e1': [4, 5, 6, 8], 'e2': [5, 6]}",True
301,"{'e0': [1, 2, 3, 4, 5, 6, 7, 8], 'e1': [4, 5, 7, 8], 'e2': [1, 6]}",True
302,"{'e0': [1, 2, 3, 4, 5, 6, 7, 8], 'e1': [4, 5, 7, 8], 'e2': [4, 5, 7], 'e3': [4, 5, 6]}",True
303,"{'e0': [1, 2, 3, 4, 5, 6, 7, 8], 'e1': [4, 6, 7], 'e2': [1, 3, 7], 'e3': [3, 4, 8]}",True
304,"{'e0': [1, 2, 3, 4, 5, 6, 7, 8], 'e1': [5, 6, 7, 8], 'e2': [2, 4, 7], 'e3': [1, 2, 7]}",True
305,"{'e0': [1, 2, 3, 4, 5, 6, 7, 8], 'e1': [7, 8], 'e2': [4, 8]}",True
306,"{'e0': [1, 2, 3, 4, 5, 6, 7], 'e1': [1, 2, 3, 4, 5, 6], 'e2': [1, 2, 3, 5, 6]}",True
307,"{'e0': [1, 2, 3, 4, 5, 6, 7], 'e1': [1, 2, 3, 4, 5, 6], 'e2': [1, 3, 7]}",True
308,"{'e0': [1, 2, 3, 4, 5, 6, 7], 'e1': [1, 2, 3, 4, 5, 7], 'e2': [1, 2, 7]}",True
309,"{'e0': [1, 2, 3, 4, 5, 6, 7], 'e1': [1, 2, 3, 4, 5, 7], 'e2': [3, 6], 'e3': [3, 4]}",True
310,"{'e0': [1, 2, 3, 4, 5, 6, 7], 'e1': [1, 2, 3, 4, 5, 7], 'e2': [5, 7]}",True
311,"{'e0': [1, 2, 3, 4, 5, 6, 7], 'e1': [1, 2, 3, 4, 5], 'e2': [1, 6], 'e3': [3, 7]}",True
312,"{'e0': [1, 2, 3, 4, 5, 6, 7], 'e1': [1, 2, 3, 4, 6, 7], 'e2': [1, 2, 4, 7]}",True
313,"{'e0': [1, 2, 3, 4, 5, 6, 7], 'e1': [1, 2, 3, 4, 6, 7], 'e2': [1, 4, 5, 7]}",True
314,"{'e0': [1, 2, 3, 4, 5, 6, 7], 'e1': [1, 2, 3, 4, 6, 7], 'e2': [1, 7], 'e3': [5, 6]}",True
315,"{'e0': [1, 2, 3, 4, 5, 6, 7], 'e1': [1, 2, 3, 4, 6, 7], 'e2': [5, 7]}",True
316,"{'e0': [1, 2, 3, 4, 5, 6, 7], 'e1': [1, 2, 3, 4, 7], 'e2': [3, 5], 'e3': [5, 7]}",True
317,"{'e0': [1, 2, 3, 4, 5, 6, 7], 'e1': [1, 2, 3, 4], 'e2': [6, 7], 'e3': [5, 6]}",True
318,"{'e0': [1, 2, 3, 4, 5, 6, 7], 'e1': [1, 2, 3, 5, 6, 7], 'e2': [1, 6], 'e3': [3, 6]}",True
319,"{'e0': [1, 2, 3, 4, 5, 6, 7], 'e1': [1, 2, 3, 5, 6], 'e2': [1, 2, 3, 4]}",True
320,"{'e0': [1, 2, 3, 4, 5, 6, 7], 'e1': [1, 2, 3, 5, 7], 'e2': [1, 2, 5, 7]}",True
321,"{'e0': [1, 2, 3, 4, 5, 6, 7], 'e1': [1, 2, 3, 5], 'e2': [3, 7], 'e3': [2, 5]}",True
322,"{'e0': [1, 2, 3, 4, 5, 6, 7], 'e1': [1, 2, 3, 7], 'e2': [4, 5], 'e3': [2, 4]}",True
323,"{'e0': [1, 2, 3, 4, 5, 6, 7], 'e1': [1, 2, 4, 5, 6], 'e2': [1, 7], 'e3': [1, 4]}",True
324,"{'e0': [1, 2, 3, 4, 5, 6, 7], 'e1': [1, 2, 4, 5, 6], 'e2': [5, 6], 'e3': [2, 4]}",True
325,"{'e0': [1, 2, 3, 4, 5, 6, 7], 'e1': [1, 2, 4, 5, 6], 'e2': [5, 6]}",True
326,"{'e0': [1, 2, 3, 4, 5, 6, 7], 'e1': [1, 2, 4, 5], 'e2': [4, 5], 'e3': [1, 2]}",True
327,"{'e0': [1, 2, 3, 4, 5, 6, 7], 'e1': [1, 2, 4, 6], 'e2': [2, 6], 'e3': [2, 4]}",True
328,"{'e0': [1, 2, 3, 4, 5, 6, 7], 'e1': [1, 2, 4, 6], 'e2': [6, 7]}",True
329,"{'e0': [1, 2, 3, 4, 5, 6, 7], 'e1': [1, 2, 4, 7], 'e2': [2, 3, 5]}",True
330,"{'e0': [1, 2, 3, 4, 5, 6, 7], 'e1': [1, 2, 4], 'e2': [1, 4], 'e3': [2, 4]}",True
331,"{'e0': [1, 2, 3, 4, 5, 6, 7], 'e1': [1, 2, 4], 'e2': [3, 5, 6], 'e3': [1, 2]}",True
332,"{'e0': [1, 2, 3, 4, 5, 6, 7], 'e1': [1, 2, 4], 'e2': [3, 5, 7], 'e3': [2, 7]}",True
333,"{'e0': [1, 2, 3, 4, 5, 6, 7], 'e1': [1, 2, 5, 6, 7], 'e2': [1, 3, 4, 6, 7]}",True
334,"{'e0': [1, 2, 3, 4, 5, 6, 7], 'e1': [1, 2, 5, 6, 7], 'e2': [3, 5], 'e3': [3, 4]}",True
335,"{'e0': [1, 2, 3, 4, 5, 6, 7], 'e1': [1, 2, 5, 7], 'e2': [2, 3, 4, 5]}",True
336,"{'e0': [1, 2, 3, 4, 5, 6, 7], 'e1': [1, 2, 5], 'e2': [1, 2, 6], 'e3': [3, 4]}",True
337,"{'e0': [1, 2, 3, 4, 5, 6, 7], 'e1': [1, 2, 5], 'e2': [2, 5], 'e3': [4, 5]}",True
338,"{'e0': [1, 2, 3, 4, 5, 6, 7], 'e1': [1, 2, 6], 'e2': [2, 4, 5], 'e3': [1, 6]}",True
339,"{'e0': [1, 2, 3, 4, 5, 6, 7], 'e1': [1, 3, 4, 5, 6, 7], 'e2': [1, 2, 4, 5, 6, 7]}",True
340,"{'e0': [1, 2, 3, 4, 5, 6, 7], 'e1': [1, 3, 4, 5, 6, 7], 'e2': [3, 7], 'e3': [4, 6]}",True
341,"{'e0': [1, 2, 3, 4, 5, 6, 7], 'e1': [1, 3, 4, 6], 'e2': [1, 2, 3]}",True
342,"{'e0': [1, 2, 3, 4, 5, 6, 7], 'e1': [1, 3, 4], 'e2': [3, 6, 7], 'e3': [3, 5]}",True
343,"{'e0': [1, 2, 3, 4, 5, 6, 7], 'e1': [1, 3, 5, 6, 7], 'e2': [1, 5, 7]}",True
344,"{'e0': [1, 2, 3, 4, 5, 6, 7], 'e1': [1, 3, 5, 7], 'e2': [1, 6], 'e3': [2, 4]}",True
345,"{'e0': [1, 2, 3, 4, 5, 6, 7], 'e1': [1, 3, 6], 'e2': [1, 5], 'e3': [3, 6]}",True
346,"{'e0': [1, 2, 3, 4, 5, 6, 7], 'e1': [1, 3, 6], 'e2': [2, 3], 'e3': [3, 7]}",True
347,"{'e0': [1, 2, 3, 4, 5, 6, 7], 'e1': [1, 3, 7], 'e2': [1, 4], 'e3': [4, 7]}",True
348,"{'e0': [1, 2, 3, 4, 5, 6, 7], 'e1': [1, 3, 7], 'e2': [3, 7]}",True
349,"{'e0': [1, 2, 3, 4, 5, 6, 7], 'e1': [1, 3], 'e2': [1, 6], 'e3': [1, 7]}",True
350,"{'e0': [1, 2, 3, 4, 5, 6, 7], 'e1': [1, 3], 'e2': [3, 7], 'e3': [1, 6]}",True
351,"{'e0': [1, 2, 3, 4, 5, 6, 7], 'e1': [1, 4, 5, 6, 7], 'e2': [2, 3, 4]}",True
352,"{'e0': [1, 2, 3, 4, 5, 6, 7], 'e1': [1, 4, 5, 6, 7], 'e2': [2, 3, 5, 6]}",True
353,"{'e0': [1, 2, 3, 4, 5, 6, 7], 'e1': [1, 4, 5, 6, 7], 'e2': [2, 3]}",True
354,"{'e0': [1, 2, 3, 4, 5, 6, 7], 'e1': [1, 4, 5, 6, 7], 'e2': [3, 6], 'e3': [2, 6]}",True
355,"{'e0': [1, 2, 3, 4, 5, 6, 7], 'e1': [1, 4, 5, 7], 'e2': [1, 3, 4, 7]}",True
356,"{'e0': [1, 2, 3, 4, 5, 6, 7], 'e1': [1, 4, 6], 'e2': [1, 4, 5], 'e3': [5, 6]}",True
357,"{'e0': [1, 2, 3, 4, 5, 6, 7], 'e1': [1, 5, 6, 7], 'e2': [1, 4], 'e3': [3, 7]}",True
358,"{'e0': [1, 2, 3, 4, 5, 6, 7], 'e1': [1, 5, 6, 7], 'e2': [1, 5, 7]}",True
359,"{'e0': [1, 2, 3, 4, 5, 6, 7], 'e1': [1, 5, 6, 7], 'e2': [1, 7]}",True
360,"{'e0': [1, 2, 3, 4, 5, 6, 7], 'e1': [1, 5, 6], 'e2': [3, 7], 'e3': [6, 7]}",True
361,"{'e0': [1, 2, 3, 4, 5, 6, 7], 'e1': [1, 5], 'e2': [2, 6], 'e3': [3, 7]}",True
362,"{'e0': [1, 2, 3, 4, 5, 6, 7], 'e1': [1, 6, 7], 'e2': [3, 5, 6], 'e3': [2, 4]}",True
363,"{'e0': [1, 2, 3, 4, 5, 6, 7], 'e1': [1, 6], 'e2': [5, 7]}",True
364,"{'e0': [1, 2, 3, 4, 5, 6, 7], 'e1': [2, 3, 4, 5, 6, 7], 'e2': [1, 2, 3, 6, 7]}",True
365,"{'e0': [1, 2, 3, 4, 5, 6, 7], 'e1': [2, 3, 4, 5, 6, 7], 'e2': [1, 4], 'e3': [1, 7]}",True
366,"{'e0': [1, 2, 3, 4, 5, 6, 7], 'e1': [2, 3, 4, 5], 'e2': [3, 6], 'e3': [5, 6]}",True
367,"{'e0': [1, 2, 3, 4, 5, 6, 7], 'e1': [2, 3, 4, 6, 7], 'e2': [2, 5]}",True
368,"{'e0': [1, 2, 3, 4, 5, 6, 7], 'e1': [2, 3, 4, 6, 7], 'e2': [2, 7], 'e3': [4, 5]}",True
369,"{'e0': [1, 2, 3, 4, 5, 6, 7], 'e1': [2, 3, 4, 7], 'e2': [2, 4], 'e3': [1, 6]}",True
370,"{'e0': [1, 2, 3, 4, 5, 6, 7], 'e1': [2, 3, 4, 7], 'e2': [2, 4], 'e3': [4, 5]}",True
371,"{'e0': [1, 2, 3, 4, 5, 6, 7], 'e1': [2, 3, 4], 'e2': [2, 3, 7]}",True
372,"{'e0': [1, 2, 3, 4, 5, 6, 7], 'e1': [2, 3, 5, 6, 7], 'e2': [1, 2, 3]}",True
373,"{'e0': [1, 2, 3, 4, 5, 6, 7], 'e1': [2, 3, 5, 6], 'e2': [1, 2, 4, 7]}",True
374,"{'e0': [1, 2, 3, 4, 5, 6, 7], 'e1': [2, 3, 5], 'e2': [3, 6, 7], 'e3': [4, 6]}",True
375,"{'e0': [1, 2, 3, 4, 5, 6, 7], 'e1': [2, 3, 6], 'e2': [1, 2, 6], 'e3': [1, 7]}",True
376,"{'e0': [1, 2, 3, 4, 5, 6, 7], 'e1': [2, 3], 'e2': [3, 4]}",True
377,"{'e0': [1, 2, 3, 4, 5, 6, 7], 'e1': [2, 4, 5, 6, 7], 'e2': [2, 3, 4, 6, 7]}",True
378,"{'e0': [1, 2, 3, 4, 5, 6, 7], 'e1': [2, 4, 5, 6], 'e2': [1, 7]}",True
379,"{'e0': [1, 2, 3, 4, 5, 6, 7], 'e1': [2, 4, 5], 'e2': [1, 3, 7]}",True
380,"{'e0': [1, 2, 3, 4, 5, 6, 7], 'e1': [2, 4, 5], 'e2': [3, 7]}",True
381,"{'e0': [1, 2, 3, 4, 5, 6, 7], 'e1': [2, 4, 6, 7], 'e2': [4, 5], 'e3': [1, 4]}",True
382,"{'e0': [1, 2, 3, 4, 5, 6, 7], 'e1': [2, 4, 7], 'e2': [3, 4, 7], 'e3': [2, 7]}",True
383,"{'e0': [1, 2, 3, 4, 5, 6, 7], 'e1': [2, 4], 'e2': [3, 5], 'e3': [1, 2]}",True
384,"{'e0': [1, 2, 3, 4, 5, 6, 7], 'e1': [2, 5, 6, 7], 'e2': [1, 3, 4]}",True
385,"{'e0': [1, 2, 3, 4, 5, 6, 7], 'e1': [2, 5, 6], 'e2': [1, 4], 'e3': [4, 7]}",True
386,"{'e0': [1, 2, 3, 4, 5, 6, 7], 'e1': [2, 5, 6], 'e2': [1, 5, 7], 'e3': [6, 7]}",True
387,"{'e0': [1, 2, 3, 4, 5, 6, 7], 'e1': [3, 4, 5, 6, 7], 'e2': [1, 2], 'e3': [3, 7]}",True
388,"{'e0': [1, 2, 3, 4, 5, 6, 7], 'e1': [3, 4, 5, 6, 7], 'e2': [6, 7], 'e3': [4, 6]}",True
389,"{'e0': [1, 2, 3, 4, 5, 6, 7], 'e1': [3, 4, 6], 'e2': [2, 5, 6]}",True
390,"{'e0': [1, 2, 3, 4, 5, 6, 7], 'e1': [3, 4, 6], 'e2': [3, 4], 'e3': [2, 5]}",True
391,"{'e0': [1, 2, 3, 4, 5, 6, 7], 'e1': [3, 4, 7], 'e2': [3, 6], 'e3': [5, 7]}",True
392,"{'e0': [1, 2, 3, 4, 5, 6, 7], 'e1': [3, 5, 6], 'e2': [2, 5]}",True
393,"{'e0': [1, 2, 3, 4, 5, 6, 7], 'e1': [3, 5, 6], 'e2': [3, 4, 6], 'e3': [1, 3]}",True
394,"{'e0': [1, 2, 3, 4, 5, 6, 7], 'e1': [3, 5, 7], 'e2': [1, 2, 6], 'e3': [4, 6]}",True
395,"{'e0': [1, 2, 3, 4, 5, 6, 7], 'e1': [3, 6], 'e2': [3, 5], 'e3': [5, 6]}",True
396,"{'e0': [1, 2, 3, 4, 5, 6, 7], 'e1': [4, 5, 6], 'e2': [3, 4, 5], 'e3': [4, 5]}",True
397,"{'e0': [1, 2, 3, 4, 5, 6, 7], 'e1': [4, 5, 6], 'e2': [3, 7], 'e3': [1, 2]}",True
398,"{'e0': [1, 2, 3, 4, 5, 6, 7], 'e1': [4, 5, 7], 'e2': [1, 5, 6], 'e3': [5, 7]}",True
399,"{'e0': [1, 2, 3, 4, 5, 6, 7], 'e1': [4, 6, 7], 'e2': [3, 6], 'e3': [1, 5]}",True
400,"{'e0': [1, 2, 3, 4, 5, 6], 'e1': [1, 2, 3, 4, 5], 'e2': [1, 2, 3, 4, 6], 'e3': [1, 2]}",True
401,"{'e0': [1, 2, 3, 4, 5, 6], 'e1': [1, 2, 3, 4, 5], 'e2': [1, 2, 3, 5], 'e3': [1, 2, 3, 4]}",True
402,"{'e0': [1, 2, 3, 4, 5, 6], 'e1': [1, 2, 3, 4, 5], 'e2': [1, 2, 3, 5], 'e3': [1, 3, 5, 6], 'e4': [1, 5, 6]}",True
403,"{'e0': [1, 2, 3, 4, 5, 6], 'e1': [1, 2, 3, 4, 5], 'e2': [1, 2, 5], 'e3': [2, 3], 'e4': [4, 6]}",True
404,"{'e0': [1, 2, 3, 4, 5, 6], 'e1': [1, 2, 3, 4, 5], 'e2': [1, 3, 6], 'e3': [5, 6]}",True
405,"{'e0': [1, 2, 3, 4, 5, 6], 'e1': [1, 2, 3, 4, 5], 'e2': [2, 3, 4, 5, 6], 'e3': [1, 4, 5]}",True
406,"{'e0': [1, 2, 3, 4, 5, 6], 'e1': [1, 2, 3, 4, 5], 'e2': [2, 3, 4, 5], 'e3': [1, 5, 6]}",True
407,"{'e0': [1, 2, 3, 4, 5, 6], 'e1': [1, 2, 3, 4, 5], 'e2': [2, 3, 4, 5], 'e3': [1, 6]}",True
408,"{'e0': [1, 2, 3, 4, 5, 6], 'e1': [1, 2, 3, 4, 5], 'e2': [2, 3, 4, 6], 'e3': [2, 3]}",True
409,"{'e0': [1, 2, 3, 4, 5, 6], 'e1': [1, 2, 3, 4, 5], 'e2': [2, 3, 5], 'e3': [1, 3, 5]}",True
410,"{'e0': [1, 2, 3, 4, 5, 6], 'e1': [1, 2, 3, 4, 5], 'e2': [2, 3, 6], 'e3': [4, 5, 6]}",True
411,"{'e0': [1, 2, 3, 4, 5, 6], 'e1': [1, 2, 3, 4, 5], 'e2': [2, 6], 'e3': [2, 5]}",True
412,"{'e0': [1, 2, 3, 4, 5, 6], 'e1': [1, 2, 3, 4, 5], 'e2': [4, 5, 6], 'e3': [4, 6]}",True
413,"{'e0': [1, 2, 3, 4, 5, 6], 'e1': [1, 2, 3, 4, 6], 'e2': [1, 2, 3, 5], 'e3': [2, 4, 5], 'e4': [1, 2, 3]}",True
414,"{'e0': [1, 2, 3, 4, 5, 6], 'e1': [1, 2, 3, 4, 6], 'e2': [1, 2, 4, 5, 6], 'e3': [1, 2, 4, 6]}",True
415,"{'e0': [1, 2, 3, 4, 5, 6], 'e1': [1, 2, 3, 4, 6], 'e2': [1, 2, 4, 5], 'e3': [3, 6]}",True
416,"{'e0': [1, 2, 3, 4, 5, 6], 'e1': [1, 2, 3, 4, 6], 'e2': [1, 2, 5], 'e3': [1, 2]}",True
417,"{'e0': [1, 2, 3, 4, 5, 6], 'e1': [1, 2, 3, 4, 6], 'e2': [1, 3, 4, 5, 6], 'e3': [2, 5, 6]}",True
418,"{'e0': [1, 2, 3, 4, 5, 6], 'e1': [1, 2, 3, 4, 6], 'e2': [1, 4, 5, 6], 'e3': [2, 6]}",True
419,"{'e0': [1, 2, 3, 4, 5, 6], 'e1': [1, 2, 3, 4, 6], 'e2': [1, 5]}",True
420,"{'e0': [1, 2, 3, 4, 5, 6], 'e1': [1, 2, 3, 4], 'e2': [1, 2, 4, 6], 'e3': [4, 5, 6]}",True
421,"{'e0': [1, 2, 3, 4, 5, 6], 'e1': [1, 2, 3, 4], 'e2': [1, 2, 5, 6], 'e3': [3, 4, 5, 6]}",True
422,"{'e0': [1, 2, 3, 4, 5, 6], 'e1': [1, 2, 3, 4], 'e2': [2, 3, 5], 'e3': [1, 4, 6]}",True
423,"{'e0': [1, 2, 3, 4, 5, 6], 'e1': [1, 2, 3, 4], 'e2': [2, 3, 6], 'e3': [3, 5]}",True
424,"{'e0': [1, 2, 3, 4, 5, 6], 'e1': [1, 2, 3, 4], 'e2': [3, 4, 5], 'e3': [1, 2, 5]}",True
425,"{'e0': [1, 2, 3, 4, 5, 6], 'e1': [1, 2, 3, 4], 'e2': [3, 4]}",True
426,"{'e0': [1, 2, 3, 4, 5, 6], 'e1': [1, 2, 3, 4], 'e2': [3, 5, 6], 'e3': [1, 6]}",True
427,"{'e0': [1, 2, 3, 4, 5, 6], 'e1': [1, 2, 3, 5, 6], 'e2': [1, 2, 3, 5], 'e3': [1, 4]}",True
428,"{'e0': [1, 2, 3, 4, 5, 6], 'e1': [1, 2, 3, 5, 6], 'e2': [1, 2, 3, 6], 'e3': [2, 4, 5, 6]}",True
429,"{'e0': [1, 2, 3, 4, 5, 6], 'e1': [1, 2, 3, 5, 6], 'e2': [1, 2, 4, 6], 'e3': [3, 4]}",True
430,"{'e0': [1, 2, 3, 4, 5, 6], 'e1': [1, 2, 3, 5, 6], 'e2': [1, 2, 5, 6], 'e3': [1, 5]}",True
431,"{'e0': [1, 2, 3, 4, 5, 6], 'e1': [1, 2, 3, 5, 6], 'e2': [2, 3, 4, 5, 6], 'e3': [1, 3, 4, 6]}",True
432,"{'e0': [1, 2, 3, 4, 5, 6], 'e1': [1, 2, 3, 5, 6], 'e2': [2, 3, 4, 5, 6], 'e3': [4, 5]}",True
433,"{'e0': [1, 2, 3, 4, 5, 6], 'e1': [1, 2, 3, 5, 6], 'e2': [2, 3, 4, 6], 'e3': [1, 3, 4]}",True
434,"{'e0': [1, 2, 3, 4, 5, 6], 'e1': [1, 2, 3, 5, 6], 'e2': [2, 3, 4, 6]}",True
435,"{'e0': [1, 2, 3, 4, 5, 6], 'e1': [1, 2, 3, 5, 6], 'e2': [3, 4, 5, 6], 'e3': [3, 4, 6]}",True
436,"{'e0': [1, 2, 3, 4, 5, 6], 'e1': [1, 2, 3, 5, 6], 'e2': [4, 6], 'e3': [3, 5]}",True
437,"{'e0': [1, 2, 3, 4, 5, 6], 'e1': [1, 2, 3, 5], 'e2': [1, 2, 3, 4], 'e3': [1, 2]}",True
438,"{'e0': [1, 2, 3, 4, 5, 6], 'e1': [1, 2, 3, 5], 'e2': [1, 2, 5, 6], 'e3': [4, 6]}",True
439,"{'e0': [1, 2, 3, 4, 5, 6], 'e1': [1, 2, 3, 5], 'e2': [2, 3, 4, 6], 'e3': [1, 6]}",True
440,"{'e0': [1, 2, 3, 4, 5, 6], 'e1': [1, 2, 3, 5], 'e2': [2, 4, 6], 'e3': [1, 2, 6]}",True
441,"{'e0': [1, 2, 3, 4, 5, 6], 'e1': [1, 2, 3, 5], 'e2': [3, 4, 6], 'e3': [1, 5, 6]}",True
442,"{'e0': [1, 2, 3, 4, 5, 6], 'e1': [1, 2, 3, 6], 'e2': [1, 3, 6], 'e3': [1, 2]}",True
443,"{'e0': [1, 2, 3, 4, 5, 6], 'e1': [1, 2, 3, 6], 'e2': [2, 3, 4, 5], 'e3': [1, 3, 4, 5]}",True
444,"{'e0': [1, 2, 3, 4, 5, 6], 'e1': [1, 2, 3], 'e2': [2, 3, 4], 'e3': [1, 5]}",True
445,"{'e0': [1, 2, 3, 4, 5, 6], 'e1': [1, 2, 3], 'e2': [4, 5], 'e3': [2, 6]}",True
446,"{'e0': [1, 2, 3, 4, 5, 6], 'e1': [1, 2, 4, 5, 6], 'e2': [1, 2, 3, 4, 5]}",True
447,"{'e0': [1, 2, 3, 4, 5, 6], 'e1': [1, 2, 4, 5, 6], 'e2': [1, 2, 3, 5], 'e3': [4, 5, 6]}",True
448,"{'e0': [1, 2, 3, 4, 5, 6], 'e1': [1, 2, 4, 5, 6], 'e2': [1, 2, 4, 6], 'e3': [1, 2, 3, 4]}",True
449,"{'e0': [1, 2, 3, 4, 5, 6], 'e1': [1, 2, 4, 5, 6], 'e2': [1, 3, 5, 6], 'e3': [3, 5]}",True
450,"{'e0': [1, 2, 3, 4, 5, 6], 'e1': [1, 2, 4, 5, 6], 'e2': [2, 3, 6]}",True
451,"{'e0': [1, 2, 3, 4, 5, 6], 'e1': [1, 2, 4, 5, 6], 'e2': [3, 5], 'e3': [3, 6]}",True
452,"{'e0': [1, 2, 3, 4, 5, 6], 'e1': [1, 2, 4, 5, 6], 'e2': [4, 6], 'e3': [1, 4]}",True
453,"{'e0': [1, 2, 3, 4, 5, 6], 'e1': [1, 2, 4, 5, 6], 'e2': [5, 6]}",True
454,"{'e0': [1, 2, 3, 4, 5, 6], 'e1': [1, 2, 4, 5], 'e2': [1, 2, 3, 4], 'e3': [1, 2, 4, 6]}",True
455,"{'e0': [1, 2, 3, 4, 5, 6], 'e1': [1, 2, 4, 5], 'e2': [1, 2, 3, 6], 'e3': [1, 2, 5, 6]}",True
456,"{'e0': [1, 2, 3, 4, 5, 6], 'e1': [1, 2, 4, 5], 'e2': [1, 2, 4], 'e3': [1, 4, 5]}",True
457,"{'e0': [1, 2, 3, 4, 5, 6], 'e1': [1, 2, 4, 5], 'e2': [1, 3, 5, 6], 'e3': [2, 3, 6]}",True
458,"{'e0': [1, 2, 3, 4, 5, 6], 'e1': [1, 2, 4, 5], 'e2': [1, 3, 6], 'e3': [2, 4]}",True
459,"{'e0': [1, 2, 3, 4, 5, 6], 'e1': [1, 2, 4, 5], 'e2': [2, 3, 4, 6], 'e3': [2, 3, 5]}",True
460,"{'e0': [1, 2, 3, 4, 5, 6], 'e1': [1, 2, 4, 5], 'e2': [2, 4, 5], 'e3': [2, 5]}",True
461,"{'e0': [1, 2, 3, 4, 5, 6], 'e1': [1, 2, 4, 6], 'e2': [1, 3, 4, 6], 'e3': [2, 3, 6]}",True
462,"{'e0': [1, 2, 3, 4, 5, 6], 'e1': [1, 2, 4, 6], 'e2': [2, 5], 'e3': [2, 3]}",True
463,"{'e0': [1, 2, 3, 4, 5, 6], 'e1': [1, 2, 4], 'e2': [1, 2, 5], 'e3': [2, 6]}",True
464,"{'e0': [1, 2, 3, 4, 5, 6], 'e1': [1, 2, 4], 'e2': [2, 4, 5], 'e3': [2, 3, 4]}",True
465,"{'e0': [1, 2, 3, 4, 5, 6], 'e1': [1, 2, 5, 6], 'e2': [2, 3, 5], 'e3': [2, 3]}",True
466,"{'e0': [1, 2, 3, 4, 5, 6], 'e1': [1, 2, 5, 6], 'e2': [2, 3], 'e3': [1, 4]}",True
467,"{'e0': [1, 2, 3, 4, 5, 6], 'e1': [1, 2, 5, 6], 'e2': [2, 5], 'e3': [2, 6]}",True
468,"{'e0': [1, 2, 3, 4, 5, 6], 'e1': [1, 2, 5, 6], 'e2': [3, 4, 5, 6], 'e3': [3, 5]}",True
469,"{'e0': [1, 2, 3, 4, 5, 6], 'e1': [1, 2, 5], 'e2': [1, 4, 5], 'e3': [1, 2, 4]}",True
470,"{'e0': [1, 2, 3, 4, 5, 6], 'e1': [1, 2, 5], 'e2': [1, 5], 'e3': [1, 3]}",True
471,"{'e0': [1, 2, 3, 4, 5, 6], 'e1': [1, 2, 5], 'e2': [3, 6], 'e3': [5, 6]}",True
472,"{'e0': [1, 2, 3, 4, 5, 6], 'e1': [1, 2], 'e2': [4, 6], 'e3': [2, 3]}",True
473,"{'e0': [1, 2, 3, 4, 5, 6], 'e1': [1, 3, 4, 5, 6], 'e2': [1, 2, 3, 4, 5], 'e3': [2, 6]}",True
474,"{'e0': [1, 2, 3, 4, 5, 6], 'e1': [1, 3, 4, 5, 6], 'e2': [1, 2, 3, 5], 'e3': [1, 3, 4], 'e4': [5, 6]}",True
475,"{'e0': [1, 2, 3, 4, 5, 6], 'e1': [1, 3, 4, 5, 6], 'e2': [1, 2, 5, 6], 'e3': [1, 5, 6]}",True
476,"{'e0': [1, 2, 3, 4, 5, 6], 'e1': [1, 3, 4, 5, 6], 'e2': [1, 2, 5], 'e3': [3, 4]}",True
477,"{'e0': [1, 2, 3, 4, 5, 6], 'e1': [1, 3, 4, 5, 6], 'e2': [1, 2, 5], 'e3': [5, 6]}",True
478,"{'e0': [1, 2, 3, 4, 5, 6], 'e1': [1, 3, 4, 5, 6], 'e2': [1, 3, 6], 'e3': [1, 4, 5]}",True
479,"{'e0': [1, 2, 3, 4, 5, 6], 'e1': [1, 3, 4, 5, 6], 'e2': [1, 3, 6], 'e3': [1, 4]}",True
480,"{'e0': [1, 2, 3, 4, 5, 6], 'e1': [1, 3, 4, 5, 6], 'e2': [1, 4, 5, 6], 'e3': [1, 2, 4]}",True
481,"{'e0': [1, 2, 3, 4, 5, 6], 'e1': [1, 3, 4, 5, 6], 'e2': [1, 4, 5, 6], 'e3': [2, 3, 5], 'e4': [2, 3]}",True
482,"{'e0': [1, 2, 3, 4, 5, 6], 'e1': [1, 3, 4, 5, 6], 'e2': [2, 3, 4, 5, 6], 'e3': [1, 2, 3, 4, 5]}",True
483,"{'e0': [1, 2, 3, 4, 5, 6], 'e1': [1, 3, 4, 5, 6], 'e2': [2, 3, 4, 6], 'e3': [1, 2, 5]}",True
484,"{'e0': [1, 2, 3, 4, 5, 6], 'e1': [1, 3, 4, 5, 6], 'e2': [2, 5, 6], 'e3': [4, 5, 6]}",True
485,"{'e0': [1, 2, 3, 4, 5, 6], 'e1': [1, 3, 4, 5, 6], 'e2': [3, 4, 5], 'e3': [1, 2, 3]}",True
486,"{'e0': [1, 2, 3, 4, 5, 6], 'e1': [1, 3, 4, 5, 6], 'e2': [3, 4, 5], 'e3': [4, 5]}",True
487,"{'e0': [1, 2, 3, 4, 5, 6], 'e1': [1, 3, 4, 5, 6], 'e2': [3, 5, 6]}",True
488,"{'e0': [1, 2, 3, 4, 5, 6], 'e1': [1, 3, 4, 5, 6], 'e2': [3, 6], 'e3': [4, 5]}",True
489,"{'e0': [1, 2, 3, 4, 5, 6], 'e1': [1, 3, 4, 5], 'e2': [1, 2], 'e3': [2, 5]}",True
490,"{'e0': [1, 2, 3, 4, 5, 6], 'e1': [1, 3, 4, 5], 'e2': [1, 3, 4], 'e3': [1, 4, 6]}",True
491,"{'e0': [1, 2, 3, 4, 5, 6], 'e1': [1, 3, 4, 5], 'e2': [2, 3, 5], 'e3': [4, 5, 6]}",True
492,"{'e0': [1, 2, 3, 4, 5, 6], 'e1': [1, 3, 4, 5], 'e2': [2, 3, 6], 'e3': [2, 5, 6]}",True
493,"{'e0': [1, 2, 3, 4, 5, 6], 'e1': [1, 3, 4, 5], 'e2': [2, 4, 5, 6]}",True
494,"{'e0': [1, 2, 3, 4, 5, 6], 'e1': [1, 3, 4, 5], 'e2': [2, 4, 6], 'e3': [2, 6]}",True
495,"{'e0': [1, 2, 3, 4, 5, 6], 'e1': [1, 3, 4, 5], 'e2': [4, 5, 6], 'e3': [1, 3]}",True
496,"{'e0': [1, 2, 3, 4, 5, 6], 'e1': [1, 3, 4, 6], 'e2': [1, 2, 5, 6], 'e3': [1, 6]}",True
497,"{'e0': [1, 2, 3, 4, 5, 6], 'e1': [1, 3, 4, 6], 'e2': [1, 4, 5, 6], 'e3': [1, 2]}",True
498,"{'e0': [1, 2, 3, 4, 5, 6], 'e1': [1, 3, 4, 6], 'e2': [1, 4, 5, 6], 'e3': [1, 4, 6]}",True
499,"{'e0': [1, 2, 3, 4, 5, 6], 'e1': [1, 3, 4, 6], 'e2': [1, 5, 6], 'e3': [3, 5, 6]}",True
500,"{'e0': [1, 2, 3, 4, 5, 6], 'e1': [1, 3, 4, 6], 'e2': [3, 5], 'e3': [1, 4]}",True
501,"{'e0': [1, 2, 3, 4, 5, 6], 'e1': [1, 3, 4, 6], 'e2': [3, 6], 'e3': [2, 6]}",True
502,"{'e0': [1, 2, 3, 4, 5, 6], 'e1': [1, 3, 4], 'e2': [1, 2], 'e3': [3, 5]}",True
503,"{'e0': [1, 2, 3, 4, 5, 6], 'e1': [1, 3, 4], 'e2': [2, 4], 'e3': [1, 2]}",True
504,"{'e0': [1, 2, 3, 4, 5, 6], 'e1': [1, 3, 5, 6], 'e2': [1, 2, 5, 6], 'e3': [2, 3]}",True
505,"{'e0': [1, 2, 3, 4, 5, 6], 'e1': [1, 3, 5, 6], 'e2': [1, 3, 4, 6]}",True
506,"{'e0': [1, 2, 3, 4, 5, 6], 'e1': [1, 3, 5, 6], 'e2': [4, 6]}",True
507,"{'e0': [1, 2, 3, 4, 5, 6], 'e1': [1, 3, 5], 'e2': [1, 2, 3], 'e3': [2, 3, 6]}",True
508,"{'e0': [1, 2, 3, 4, 5, 6], 'e1': [1, 3, 5], 'e2': [1, 5]}",True
509,"{'e0': [1, 2, 3, 4, 5, 6], 'e1': [1, 3, 5], 'e2': [2, 4, 5], 'e3': [4, 5]}",True
510,"{'e0': [1, 2, 3, 4, 5, 6], 'e1': [1, 3, 5], 'e2': [5, 6]}",True
511,"{'e0': [1, 2, 3, 4, 5, 6], 'e1': [1, 3, 6], 'e2': [1, 5], 'e3': [3, 6]}",True
512,"{'e0': [1, 2, 3, 4, 5, 6], 'e1': [1, 4, 5, 6], 'e2': [1, 2, 4, 5], 'e3': [1, 2, 5]}",True
513,"{'e0': [1, 2, 3, 4, 5, 6], 'e1': [1, 4, 5, 6], 'e2': [1, 2, 4, 6], 'e3': [1, 3, 4]}",True
514,"{'e0': [1, 2, 3, 4, 5, 6], 'e1': [1, 4, 5, 6], 'e2': [1, 6], 'e3': [2, 3]}",True
515,"{'e0': [1, 2, 3, 4, 5, 6], 'e1': [1, 4, 5, 6], 'e2': [3, 4, 5], 'e3': [4, 5]}",True
516,"{'e0': [1, 2, 3, 4, 5, 6], 'e1': [1, 4, 5], 'e2': [1, 2, 6], 'e3': [2, 4, 5]}",True
517,"{'e0': [1, 2, 3, 4, 5, 6], 'e1': [1, 4, 6], 'e2': [1, 2, 4], 'e3': [1, 6]}",True
518,"{'e0': [1, 2, 3, 4, 5, 6], 'e1': [1, 4, 6], 'e2': [1, 3, 4], 'e3': [1, 4]}",True
519,"{'e0': [1, 2, 3, 4, 5, 6], 'e1': [1, 4, 6], 'e2': [2, 4, 6]}",True
520,"{'e0': [1, 2, 3, 4, 5, 6], 'e1': [1, 4, 6], 'e2': [3, 5], 'e3': [1, 6]}",True
521,"{'e0': [1, 2, 3, 4, 5, 6], 'e1': [1, 5, 6], 'e2': [1, 3, 4], 'e3': [2, 5, 6]}",True
522,"{'e0': [1, 2, 3, 4, 5, 6], 'e1': [1, 5], 'e2': [3, 4], 'e3': [2, 6]}",True
523,"{'e0': [1, 2, 3, 4, 5, 6], 'e1': [2, 3, 4, 5, 6], 'e2': [1, 2, 4, 6], 'e3': [2, 3, 4]}",True
524,"{'e0': [1, 2, 3, 4, 5, 6], 'e1': [2, 3, 4, 5, 6], 'e2': [1, 2, 5, 6], 'e3': [1, 3, 4, 5]}",True
525,"{'e0': [1, 2, 3, 4, 5, 6], 'e1': [2, 3, 4, 5, 6], 'e2': [1, 2, 6], 'e3': [3, 4, 5]}",True
526,"{'e0': [1, 2, 3, 4, 5, 6], 'e1': [2, 3, 4, 5, 6], 'e2': [1, 3, 4, 5, 6], 'e3': [1, 4, 5, 6]}",True
527,"{'e0': [1, 2, 3, 4, 5, 6], 'e1': [2, 3, 4, 5, 6], 'e2': [1, 3, 4, 5, 6], 'e3': [3, 4, 6]}",True
528,"{'e0': [1, 2, 3, 4, 5, 6], 'e1': [2, 3, 4, 5, 6], 'e2': [1, 3, 4, 5], 'e3': [2, 3, 4], 'e4': [1, 5, 6]}",True
529,"{'e0': [1, 2, 3, 4, 5, 6], 'e1': [2, 3, 4, 5, 6], 'e2': [1, 3, 5, 6], 'e3': [1, 3, 4, 5]}",True
530,"{'e0': [1, 2, 3, 4, 5, 6], 'e1': [2, 3, 4, 5, 6], 'e2': [1, 3, 5], 'e3': [1, 2, 5]}",True
531,"{'e0': [1, 2, 3, 4, 5, 6], 'e1': [2, 3, 4, 5, 6], 'e2': [2, 3, 4, 5]}",True
532,"{'e0': [1, 2, 3, 4, 5, 6], 'e1': [2, 3, 4, 5, 6], 'e2': [2, 3, 5, 6], 'e3': [4, 5]}",True
533,"{'e0': [1, 2, 3, 4, 5, 6], 'e1': [2, 3, 4, 5, 6], 'e2': [2, 4, 5, 6], 'e3': [3, 5, 6]}",True
534,"{'e0': [1, 2, 3, 4, 5, 6], 'e1': [2, 3, 4, 5, 6], 'e2': [2, 4, 5, 6], 'e3': [4, 5, 6]}",True
535,"{'e0': [1, 2, 3, 4, 5, 6], 'e1': [2, 3, 4, 5, 6], 'e2': [2, 4, 6], 'e3': [1, 2]}",True
536,"{'e0': [1, 2, 3, 4, 5, 6], 'e1': [2, 3, 4, 5, 6], 'e2': [3, 4, 5], 'e3': [1, 6]}",True
537,"{'e0': [1, 2, 3, 4, 5, 6], 'e1': [2, 3, 4, 5, 6], 'e2': [3, 5, 6], 'e3': [2, 4]}",True
538,"{'e0': [1, 2, 3, 4, 5, 6], 'e1': [2, 3, 4, 5], 'e2': [1, 2, 3, 6], 'e3': [2, 3, 6]}",True
539,"{'e0': [1, 2, 3, 4, 5, 6], 'e1': [2, 3, 4, 5], 'e2': [1, 3, 4, 6], 'e3': [2, 4, 5]}",True
540,"{'e0': [1, 2, 3, 4, 5, 6], 'e1': [2, 3, 4, 5], 'e2': [1, 4, 5], 'e3': [3, 6]}",True
541,"{'e0': [1, 2, 3, 4, 5, 6], 'e1': [2, 3, 4, 5], 'e2': [3, 4, 5], 'e3': [2, 5, 6]}",True
542,"{'e0': [1, 2, 3, 4, 5, 6], 'e1': [2, 3, 4, 5], 'e2': [3, 4, 6]}",True
543,"{'e0': [1, 2, 3, 4, 5, 6], 'e1': [2, 3, 4, 6], 'e2': [1, 2, 4, 6], 'e3': [1, 3, 5]}",True
544,"{'e0': [1, 2, 3, 4, 5, 6], 'e1': [2, 3, 4, 6], 'e2': [1, 2, 5], 'e3': [2, 5]}",True
545,"{'e0': [1, 2, 3, 4, 5, 6], 'e1': [2, 3, 4, 6], 'e2': [1, 2, 5]}",True
546,"{'e0': [1, 2, 3, 4, 5, 6], 'e1': [2, 3, 4, 6], 'e2': [1, 3, 5, 6], 'e3': [2, 4]}",True
547,"{'e0': [1, 2, 3, 4, 5, 6], 'e1': [2, 3, 4, 6], 'e2': [1, 5]}",True
548,"{'e0': [1, 2, 3, 4, 5, 6], 'e1': [2, 3, 4, 6], 'e2': [2, 3, 4, 5], 'e3': [2, 6]}",True
549,"{'e0': [1, 2, 3, 4, 5, 6], 'e1': [2, 3, 4, 6], 'e2': [2, 3, 6], 'e3': [1, 5], 'e4': [1, 4]}",True
550,"{'e0': [1, 2, 3, 4, 5, 6], 'e1': [2, 3, 4, 6], 'e2': [2, 3, 6]}",True
551,"{'e0': [1, 2, 3, 4, 5, 6], 'e1': [2, 3, 4], 'e2': [1, 6]}",True
552,"{'e0': [1, 2, 3, 4, 5, 6], 'e1': [2, 3, 5, 6], 'e2': [1, 4], 'e3': [3, 4]}",True
553,"{'e0': [1, 2, 3, 4, 5, 6], 'e1': [2, 3, 5, 6], 'e2': [2, 3, 4], 'e3': [1, 2, 3]}",True
554,"{'e0': [1, 2, 3, 4, 5, 6], 'e1': [2, 3, 5, 6], 'e2': [2, 5, 6], 'e3': [1, 3, 4]}",True
555,"{'e0': [1, 2, 3, 4, 5, 6], 'e1': [2, 3, 5], 'e2': [1, 3, 4], 'e3': [2, 6]}",True
556,"{'e0': [1, 2, 3, 4, 5, 6], 'e1': [2, 3, 5], 'e2': [1, 4, 6], 'e3': [4, 6]}",True
557,"{'e0': [1, 2, 3, 4, 5, 6], 'e1': [2, 3, 5], 'e2': [1, 5, 6]}",True
558,"{'e0': [1, 2, 3, 4, 5, 6], 'e1': [2, 3, 5], 'e2': [4, 5, 6], 'e3': [1, 3, 4]}",True
559,"{'e0': [1, 2, 3, 4, 5, 6], 'e1': [2, 4, 5, 6], 'e2': [1, 4, 6], 'e3': [1, 2]}",True
560,"{'e0': [1, 2, 3, 4, 5, 6], 'e1': [2, 4, 5, 6], 'e2': [2, 3, 4, 6], 'e3': [3, 4, 5, 6]}",True
561,"{'e0': [1, 2, 3, 4, 5, 6], 'e1': [2, 4, 5, 6], 'e2': [2, 3, 5], 'e3': [1, 3]}",True
562,"{'e0': [1, 2, 3, 4, 5, 6], 'e1': [2, 4, 5, 6], 'e2': [2, 4], 'e3': [5, 6]}",True
563,"{'e0': [1, 2, 3, 4, 5, 6], 'e1': [2, 4, 5, 6], 'e2': [2, 5, 6], 'e3': [1, 2]}",True
564,"{'e0': [1, 2, 3, 4, 5, 6], 'e1': [2, 4, 5, 6], 'e2': [2, 5, 6], 'e3': [1, 4]}",True
565,"{'e0': [1, 2, 3, 4, 5, 6], 'e1': [2, 4, 5], 'e2': [1, 3, 6], 'e3': [3, 5]}",True
566,"{'e0': [1, 2, 3, 4, 5, 6], 'e1': [2, 4, 5], 'e2': [3, 5], 'e3': [1, 5]}",True
567,"{'e0': [1, 2, 3, 4, 5, 6], 'e1': [2, 4, 6], 'e2': [1, 5, 6], 'e3': [4, 5]}",True
568,"{'e0': [1, 2, 3, 4, 5, 6], 'e1': [2, 4], 'e2': [3, 6]}",True
569,"{'e0': [1, 2, 3, 4, 5, 6], 'e1': [2, 5, 6], 'e2': [1, 3, 6], 'e3': [4, 6]}",True
570,"{'e0': [1, 2, 3, 4, 5, 6], 'e1': [3, 4, 5, 6], 'e2': [1, 2, 6], 'e3': [4, 6]}",True
571,"{'e0': [1, 2, 3, 4, 5, 6], 'e1': [3, 4, 5, 6], 'e2': [1, 4, 5], 'e3': [4, 6]}",True
572,"{'e0': [1, 2, 3, 4, 5, 6], 'e1': [3, 4, 5, 6], 'e2': [3, 5, 6], 'e3': [1, 2]}",True
573,"{'e0': [1, 2, 3, 4, 5, 6], 'e1': [3, 4, 5, 6], 'e2': [4, 5, 6], 'e3': [1, 2, 6]}",True
574,"{'e0': [1, 2, 3, 4, 5, 6], 'e1': [3, 4, 5], 'e2': [1, 2, 6]}",True
575,"{'e0': [1, 2, 3, 4, 5, 6], 'e1': [3, 4, 5], 'e2': [1, 5, 6], 'e3': [1, 6]}",True
576,"{'e0': [1, 2, 3, 4, 5, 6], 'e1': [3, 4, 5], 'e2': [2, 6], 'e3': [1, 6]}",True
577,"{'e0': [1, 2, 3, 4, 5, 6], 'e1': [3, 4, 6], 'e2': [1, 3, 4], 'e3': [2, 5]}",True
578,"{'e0': [1, 2, 3, 4, 5, 6], 'e1': [3, 4, 6], 'e2': [1, 4, 6], 'e3': [1, 3]}",True
579,"{'e0': [1, 2, 3, 4, 5, 6], 'e1': [3, 4, 6], 'e2': [2, 3, 6], 'e3': [1, 3, 5]}",True
580,"{'e0': [1, 2, 3, 4, 5, 6], 'e1': [3, 4, 6], 'e2': [3, 6], 'e3': [3, 4]}",True
581,"{'e0': [1, 2, 3, 4, 5, 6], 'e1': [3, 4], 'e2': [3, 6]}",True
582,"{'e0': [1, 2, 3, 4, 5, 6], 'e1': [3, 4]}",True
583,"{'e0': [1, 2, 3, 4, 5, 6], 'e1': [3, 6], 'e2': [4, 6], 'e3': [3, 4]}",True
584,"{'e0': [1, 2, 3, 4, 5, 6], 'e1': [4, 6], 'e2': [4, 5], 'e3': [3, 4]}",True
585,"{'e0': [1, 2, 3, 4, 5, 6], 'e1': [5, 6], 'e2': [1, 6], 'e3': [4, 5]}",True
586,"{'e0': [1, 2, 3, 4, 5], 'e1': [1, 2, 3, 4], 'e2': [1, 3, 4], 'e3': [3, 4, 5]}",True
587,"{'e0': [1, 2, 3, 4, 5], 'e1': [1, 2, 3, 4], 'e2': [1, 4, 5], 'e3': [1, 4]}",True
588,"{'e0': [1, 2, 3, 4, 5], 'e1': [1, 2, 3, 4], 'e2': [3, 4], 'e3': [1, 4]}",True
589,"{'e0': [1, 2, 3, 4, 5], 'e1': [1, 2, 3, 4], 'e2': [4, 5, 6], 'e3': [1, 5], 'e4': [2, 3]}",True
590,"{'e0': [1, 2, 3, 4, 5], 'e1': [1, 2, 3, 5], 'e2': [1, 2, 3, 4], 'e3': [1, 5]}",True
591,"{'e0': [1, 2, 3, 4, 5], 'e1': [1, 2, 3, 5], 'e2': [1, 2, 4, 5], 'e3': [2, 3, 5]}",True
592,"{'e0': [1, 2, 3, 4, 5], 'e1': [1, 2, 3, 5], 'e2': [1, 2, 4], 'e3': [3, 4]}",True
593,"{'e0': [1, 2, 3, 4, 5], 'e1': [1, 2, 3, 5], 'e2': [1, 3, 4], 'e3': [3, 4]}",True
594,"{'e0': [1, 2, 3, 4, 5], 'e1': [1, 2, 3, 5], 'e2': [1, 3], 'e3': [1, 4]}",True
595,"{'e0': [1, 2, 3, 4, 5], 'e1': [1, 2, 3, 5], 'e2': [1, 5], 'e3': [3, 4]}",True
596,"{'e0': [1, 2, 3, 4, 5], 'e1': [1, 2, 3, 5], 'e2': [2, 3, 4, 5], 'e3': [2, 3, 5]}",True
597,"{'e0': [1, 2, 3, 4, 5], 'e1': [1, 2, 3, 5], 'e2': [2, 3, 4, 5]}",True
598,"{'e0': [1, 2, 3, 4, 5], 'e1': [1, 2, 3, 5], 'e2': [2, 3, 5]}",True
599,"{'e0': [1, 2, 3, 4, 5], 'e1': [1, 2, 3, 5], 'e2': [2, 4, 5], 'e3': [1, 2]}",True
600,"{'e0': [1, 2, 3, 4, 5], 'e1': [1, 2, 3, 5], 'e2': [3, 4], 'e3': [2, 4]}",True
601,"{'e0': [1, 2, 3, 4, 5], 'e1': [1, 2, 3], 'e2': [1, 2], 'e3': [2, 3]}",True
602,"{'e0': [1, 2, 3, 4, 5], 'e1': [1, 2, 3], 'e2': [1, 4, 5], 'e3': [2, 3, 5]}",True
603,"{'e0': [1, 2, 3, 4, 5], 'e1': [1, 2, 3], 'e2': [2, 5], 'e3': [2, 4]}",True
604,"{'e0': [1, 2, 3, 4, 5], 'e1': [1, 2, 4, 5], 'e2': [1, 2]}",True
605,"{'e0': [1, 2, 3, 4, 5], 'e1': [1, 2, 4, 5], 'e2': [1, 3, 5], 'e3': [3, 4, 5]}",True
606,"{'e0': [1, 2, 3, 4, 5], 'e1': [1, 2, 4, 5], 'e2': [1, 4, 5], 'e3': [1, 2, 5]}",True
607,"{'e0': [1, 2, 3, 4, 5], 'e1': [1, 2, 4, 5], 'e2': [2, 4, 5], 'e3': [2, 3]}",True
608,"{'e0': [1, 2, 3, 4, 5], 'e1': [1, 2, 4], 'e2': [1, 4, 5], 'e3': [1, 2, 5]}",True
609,"{'e0': [1, 2, 3, 4, 5], 'e1': [1, 2, 4], 'e2': [3, 4, 5], 'e3': [3, 4]}",True
610,"{'e0': [1, 2, 3, 4, 5], 'e1': [1, 2, 4], 'e2': [3, 5]}",True
611,"{'e0': [1, 2, 3, 4, 5], 'e1': [1, 2, 5], 'e2': [2, 4], 'e3': [4, 5]}",True
612,"{'e0': [1, 2, 3, 4, 5], 'e1': [1, 2, 5], 'e2': [3, 4, 5], 'e3': [2, 4]}",True
613,"{'e0': [1, 2, 3, 4, 5], 'e1': [1, 2], 'e2': [1, 4], 'e3': [1, 5]}",True
614,"{'e0': [1, 2, 3, 4, 5], 'e1': [1, 3, 4, 5], 'e2': [1, 2, 3, 5], 'e3': [2, 3, 4]}",True
615,"{'e0': [1, 2, 3, 4, 5], 'e1': [1, 3, 4, 5], 'e2': [1, 3, 5], 'e3': [1, 5]}",True
616,"{'e0': [1, 2, 3, 4, 5], 'e1': [1, 3, 4, 5], 'e2': [2, 3, 4, 5], 'e3': [1, 2, 3, 4]}",True
617,"{'e0': [1, 2, 3, 4, 5], 'e1': [1, 3, 4, 5], 'e2': [2, 3, 4, 5], 'e3': [1, 2]}",True
618,"{'e0': [1, 2, 3, 4, 5], 'e1': [1, 3, 4, 5], 'e2': [2, 3, 4, 5], 'e3': [3, 5]}",True
619,"{'e0': [1, 2, 3, 4, 5], 'e1': [1, 3, 4, 5], 'e2': [2, 4]}",True
620,"{'e0': [1, 2, 3, 4, 5], 'e1': [1, 3, 4, 5], 'e2': [3, 4, 5], 'e3': [1, 2]}",True
621,"{'e0': [1, 2, 3, 4, 5], 'e1': [1, 3, 4], 'e2': [2, 3], 'e3': [1, 4]}",True
622,"{'e0': [1, 2, 3, 4, 5], 'e1': [1, 3, 5], 'e2': [1, 4]}",True
623,"{'e0': [1, 2, 3, 4, 5], 'e1': [1, 3, 5], 'e2': [1, 5], 'e3': [2, 4]}",True
624,"{'e0': [1, 2, 3, 4, 5], 'e1': [1, 3], 'e2': [3, 6], 'e3': [2, 3]}",True
625,"{'e0': [1, 2, 3, 4, 5], 'e1': [1, 4, 5], 'e2': [1, 3, 5], 'e3': [1, 2, 5]}",True
626,"{'e0': [1, 2, 3, 4, 5], 'e1': [1, 4, 5], 'e2': [2, 5], 'e3': [2, 3]}",True
627,"{'e0': [1, 2, 3, 4, 5], 'e1': [1, 4, 5], 'e2': [3, 4, 5], 'e3': [2, 3]}",True
628,"{'e0': [1, 2, 3, 4, 5], 'e1': [1, 5], 'e2': [3, 6], 'e3': [2, 3]}",True
629,"{'e0': [1, 2, 3, 4, 5], 'e1': [2, 3, 4, 5], 'e2': [1, 2, 4], 'e3': [1, 3, 5]}",True
630,"{'e0': [1, 2, 3, 4, 5], 'e1': [2, 3, 4, 5], 'e2': [1, 2, 4], 'e3': [2, 3, 5]}",True
631,"{'e0': [1, 2, 3, 4, 5], 'e1': [2, 3, 4, 5], 'e2': [1, 3, 4], 'e3': [2, 5]}",True
632,"{'e0': [1, 2, 3, 4, 5], 'e1': [2, 3, 4, 5], 'e2': [1, 3, 5]}",True
633,"{'e0': [1, 2, 3, 4, 5], 'e1': [2, 3, 4, 5], 'e2': [2, 3, 5], 'e3': [3, 4]}",True
634,"{'e0': [1, 2, 3, 4, 5], 'e1': [2, 3, 4, 5], 'e2': [3, 5], 'e3': [2, 4]}",True
635,"{'e0': [1, 2, 3, 4, 5], 'e1': [2, 3, 4], 'e2': [1, 3], 'e3': [2, 5]}",True
636,"{'e0': [1, 2, 3, 4, 5], 'e1': [2, 3, 4], 'e2': [2, 4]}",True
637,"{'e0': [1, 2, 3, 4, 5], 'e1': [2, 3, 5], 'e2': [1, 2, 4]}",True
638,"{'e0': [1, 2, 3, 4, 5], 'e1': [2, 3, 5], 'e2': [1, 2], 'e3': [2, 3]}",True
639,"{'e0': [1, 2, 3, 4, 5], 'e1': [2, 3, 5], 'e2': [2, 3, 4], 'e3': [1, 3]}",True
640,"{'e0': [1, 2, 3, 4, 5], 'e1': [2, 4, 5], 'e2': [1, 2, 3], 'e3': [2, 3, 4]}",True
641,"{'e0': [1, 2, 3, 4, 5], 'e1': [2, 4, 5], 'e2': [1, 2, 4], 'e3': [2, 4]}",True
642,"{'e0': [1, 2, 3, 4, 5], 'e1': [2, 4, 5], 'e2': [1, 3, 4], 'e3': [1, 3]}",True
643,"{'e0': [1, 2, 3, 4, 5], 'e1': [2, 4, 5], 'e2': [1, 4, 5], 'e3': [2, 5]}",True
644,"{'e0': [1, 2, 3, 4, 5], 'e1': [2, 4, 5], 'e2': [3, 4, 5], 'e3': [2, 3]}",True
645,"{'e0': [1, 2, 3, 4, 5], 'e1': [2, 5], 'e2': [1, 4]}",True
646,"{'e0': [1, 2, 3, 4, 5], 'e1': [2, 5], 'e2': [1, 5], 'e3': [1, 2]}",True
647,"{'e0': [1, 2, 3, 4, 5], 'e1': [3, 4, 5], 'e2': [1, 3, 4]}",True
648,"{'e0': [1, 2, 3, 4, 5], 'e1': [3, 4], 'e2': [2, 3], 'e3': [1, 5]}",True
649,"{'e0': [1, 2, 3, 4, 5], 'e1': [3, 4], 'e2': [2, 5], 'e3': [2, 3]}",True
650,"{'e0': [1, 2, 3, 4, 5], 'e1': [4, 5], 'e2': [2, 5]}",True
651,"{'e0': [1, 2, 3, 4, 5], 'e1': [5, 6], 'e2': [1, 3], 'e3': [3, 4]}",True
652,"{'e0': [1, 2, 3, 4, 6], 'e1': [2, 4, 6], 'e2': [1, 2, 3], 'e3': [2, 5], 'e4': [1, 6]}",True
653,"{'e0': [1, 2, 3, 4, 6], 'e1': [4, 5], 'e2': [1, 6], 'e3': [4, 6]}",True
654,"{'e0': [1, 2, 3, 4], 'e1': [1, 2, 3], 'e2': [1, 2], 'e3': [3, 4]}",True
655,"{'e0': [1, 2, 3, 4], 'e1': [1, 2, 3], 'e2': [1, 4], 'e3': [3]}",True
656,"{'e0': [1, 2, 3, 4], 'e1': [1, 2, 4, 5], 'e2': [1, 2, 4]}",True
657,"{'e0': [1, 2, 3, 4], 'e1': [1, 2, 4], 'e2': [1, 2, 3], 'e3': [3, 4]}",True
658,"{'e0': [1, 2, 3, 4], 'e1': [1, 2, 4], 'e2': [2, 3], 'e3': [1, 2]}",True
659,"{'e0': [1, 2, 3, 4], 'e1': [1, 2, 4], 'e2': [3]}",True
660,"{'e0': [1, 2, 3, 4], 'e1': [1, 2, 5], 'e2': [3, 4], 'e3': [2, 5]}",True
661,"{'e0': [1, 2, 3, 4], 'e1': [1, 2], 'e2': [3, 4], 'e3': [3]}",True
662,"{'e0': [1, 2, 3, 4], 'e1': [1, 2]}",True
663,"{'e0': [1, 2, 3, 4], 'e1': [1, 3, 4], 'e2': [1, 2, 3], 'e3': [1, 2, 4]}",True
664,"{'e0': [1, 2, 3, 4], 'e1': [1, 3, 4], 'e2': [1, 2, 4], 'e3': [1, 2]}",True
665,"{'e0': [1, 2, 3, 4], 'e1': [1, 3, 4], 'e2': [1, 3], 'e3': [4]}",True
666,"{'e0': [1, 2, 3, 4], 'e1': [1, 3, 4], 'e2': [1, 4, 5], 'e3': [1, 2]}",True
667,"{'e0': [1, 2, 3, 4], 'e1': [1, 3, 4], 'e2': [1, 4], 'e3': [2]}",True
668,"{'e0': [1, 2, 3, 4], 'e1': [1, 3, 4], 'e2': [2, 3, 4], 'e3': [3, 4]}",True
669,"{'e0': [1, 2, 3, 4], 'e1': [1, 3, 4], 'e2': [2, 3], 'e3': [2]}",True
670,"{'e0': [1, 2, 3, 4], 'e1': [1, 3, 4], 'e2': [2, 4], 'e3': [4]}",True
671,"{'e0': [1, 2, 3, 4], 'e1': [1, 3, 4], 'e2': [2], 'e3': [1]}",True
672,"{'e0': [1, 2, 3, 4], 'e1': [1, 3, 4], 'e2': [3]}",True
673,"{'e0': [1, 2, 3, 4], 'e1': [1, 3, 5], 'e2': [2, 3, 4]}",True
674,"{'e0': [1, 2, 3, 4], 'e1': [1, 3], 'e2': [1], 'e3': [3]}",True
675,"{'e0': [1, 2, 3, 4], 'e1': [1, 3], 'e2': [4], 'e3': [2]}",True
676,"{'e0': [1, 2, 3, 4], 'e1': [1, 4, 5], 'e2': [1, 5], 'e3': [4, 5]}",True
677,"{'e0': [1, 2, 3, 4], 'e1': [1, 4, 5], 'e2': [2, 3, 4], 'e3': [1, 2, 4]}",True
678,"{'e0': [1, 2, 3, 4], 'e1': [1, 4, 5], 'e2': [2, 3], 'e3': [1, 4]}",True
679,"{'e0': [1, 2, 3, 4], 'e1': [1, 4], 'e2': [1, 2], 'e3': [2, 4]}",True
680,"{'e0': [1, 2, 3, 4], 'e1': [1, 4], 'e2': [1, 3], 'e3': [4]}",True
681,"{'e0': [1, 2, 3, 4], 'e1': [1, 4], 'e2': [3]}",True
682,"{'e0': [1, 2, 3, 4], 'e1': [1]}",True
683,"{'e0': [1, 2, 3, 4], 'e1': [2, 3, 4], 'e2': [1, 4, 5], 'e3': [3, 4]}",True
684,"{'e0': [1, 2, 3, 4], 'e1': [2, 3, 4], 'e2': [1, 4], 'e3': [1, 3]}",True
685,"{'e0': [1, 2, 3, 4], 'e1': [2, 3, 4], 'e2': [2, 4, 5], 'e3': [4, 5]}",True
686,"{'e0': [1, 2, 3, 4], 'e1': [2, 3, 4], 'e2': [2, 4], 'e3': [3, 4]}",True
687,"{'e0': [1, 2, 3, 4], 'e1': [2, 3, 4], 'e2': [2, 5], 'e3': [3, 5]}",False
688,"{'e0': [1, 2, 3, 4], 'e1': [2, 3, 4], 'e2': [2], 'e3': [4]}",True
689,"{'e0': [1, 2, 3, 4], 'e1': [2, 3, 4], 'e2': [3, 4], 'e3': [3]}",True
690,"{'e0': [1, 2, 3, 4], 'e1': [2, 3, 4]}",True
691,"{'e0': [1, 2, 3, 4], 'e1': [2, 4], 'e2': [1], 'e3': [2]}",True
692,"{'e0': [1, 2, 3, 4], 'e1': [2, 4], 'e2': [2, 3], 'e3': [1, 3]}",True
693,"{'e0': [1, 2, 3, 4], 'e1': [2, 4], 'e2': [2]}",True
694,"{'e0': [1, 2, 3, 4], 'e1': [2], 'e2': [1], 'e3': [3]}",True
695,"{'e0': [1, 2, 3, 4], 'e1': [3, 4, 5], 'e2': [1, 2, 3], 'e3': [2, 4]}",True
696,"{'e0': [1, 2, 3, 4], 'e1': [3, 4, 5], 'e2': [3, 4]}",True
697,"{'e0': [1, 2, 3, 4], 'e1': [3, 4], 'e2': [1, 3], 'e3': [2]}",True
698,"{'e0': [1, 2, 3, 4], 'e1': [3, 4], 'e2': [1, 3], 'e3': [3]}",True
699,"{'e0': [1, 2, 3, 4], 'e1': [3, 4], 'e2': [2, 3], 'e3': [1, 3]}",True
700,"{'e0': [1, 2, 3, 4], 'e1': [3, 5], 'e2': [1, 3], 'e3': [2, 4]}",True
701,"{'e0': [1, 2, 3, 4], 'e1': [4], 'e2': [2]}",True
702,"{'e0': [1, 2, 3, 5, 7], 'e1': [2, 5, 6, 7], 'e2': [3, 4, 5, 7]}",True
703,"{'e0': [1, 2, 3, 5], 'e1': [1, 2, 3, 4], 'e2': [1, 3, 4], 'e3': [2, 3, 4]}",True
704,"{'e0': [1, 2, 3, 5], 'e1': [1, 2, 3], 'e2': [3, 4, 5], 'e3': [1, 2, 5]}",True
705,"{'e0': [1, 2, 3, 5], 'e1': [1, 2, 4, 5], 'e2': [1, 4, 5], 'e3': [1, 3, 5]}",True
706,"{'e0': [1, 2, 3, 5], 'e1': [1, 2, 4, 5], 'e2': [2, 3, 5], 'e3': [1, 2, 4]}",True
707,"{'e0': [1, 2, 3, 5], 'e1': [1, 2, 4], 'e2': [1, 3], 'e3': [2, 3]}",True
708,"{'e0': [1, 2, 3, 5], 'e1': [1, 3, 4, 5], 'e2': [1, 2, 5], 'e3': [1, 4]}",True
709,"{'e0': [1, 2, 3, 5], 'e1': [1, 3, 4]}",True
710,"{'e0': [1, 2, 3, 5], 'e1': [1, 3, 5], 'e2': [4, 5], 'e3': [1, 3]}",True
711,"{'e0': [1, 2, 3, 5], 'e1': [1, 4, 5], 'e2': [1, 5], 'e3': [4, 5]}",True
712,"{'e0': [1, 2, 3, 5], 'e1': [2, 3, 4, 5], 'e2': [1, 3, 5], 'e3': [2, 4]}",True
713,"{'e0': [1, 2, 3, 5], 'e1': [2, 3, 4, 5], 'e2': [3, 4, 5], 'e3': [3, 4]}",True
714,"{'e0': [1, 2, 3, 5], 'e1': [2, 6, 7], 'e2': [4, 6, 7]}",True
715,"{'e0': [1, 2, 3, 5], 'e1': [3, 4, 5], 'e2': [1, 2, 3], 'e3': [1, 2]}",True
716,"{'e0': [1, 2, 3, 5], 'e1': [3, 4, 5], 'e2': [1, 2]}",True
717,"{'e0': [1, 2, 3, 5], 'e1': [3, 4, 5], 'e2': [1, 5], 'e3': [4, 5]}",True
718,"{'e0': [1, 2, 3, 5], 'e1': [3, 4, 5], 'e2': [2, 5], 'e3': [1, 5]}",True
719,"{'e0': [1, 2, 3, 6, 7], 'e1': [1, 4, 5, 7], 'e2': [1, 4, 6, 7]}",True
720,"{'e0': [1, 2, 3, 6], 'e1': [3, 4, 5, 7], 'e2': [3, 5, 7]}",True
721,"{'e0': [1, 2, 3, 6], 'e1': [4, 5, 7], 'e2': [1, 2, 7]}",True
722,"{'e0': [1, 2, 3, 7], 'e1': [1, 3, 4, 7], 'e2': [2, 5, 6]}",True
723,"{'e0': [1, 2, 3], 'e1': [1, 2, 4], 'e2': [3], 'e3': [1]}",True
724,"{'e0': [1, 2, 3], 'e1': [1, 2], 'e2': [1, 3], 'e3': [2, 4]}",True
725,"{'e0': [1, 2, 3], 'e1': [1, 2], 'e2': [2, 4], 'e3': [1]}",True
726,"{'e0': [1, 2, 3], 'e1': [1, 3, 4], 'e2': [1, 3], 'e3': [1, 2], 'e4': [1, 4]}",True
727,"{'e0': [1, 2, 3], 'e1': [1, 3, 4], 'e2': [1, 4], 'e3': [2, 3], 'e4': [3, 4]}",True
728,"{'e0': [1, 2, 3], 'e1': [1, 3], 'e2': [3]}",True
729,"{'e0': [1, 2, 3], 'e1': [1, 3]}",True
730,"{'e0': [1, 2, 3], 'e1': [1, 4, 5], 'e2': [1, 2, 5], 'e3': [4, 5]}",True
731,"{'e0': [1, 2, 3], 'e1': [1, 4], 'e2': [3]}",True
732,"{'e0': [1, 2, 3], 'e1': [2, 3, 4], 'e2': [1, 2], 'e3': [4]}",True
733,"{'e0': [1, 2, 3], 'e1': [2, 3, 4], 'e2': [1], 'e3': [4]}",True
734,"{'e0': [1, 2, 3], 'e1': [2, 3, 4], 'e2': [2, 3], 'e3': [3]}",True
735,"{'e0': [1, 2, 3], 'e1': [2, 3, 5], 'e2': [2, 3, 4], 'e3': [2, 5]}",True
736,"{'e0': [1, 2, 3], 'e1': [2, 3], 'e2': [1, 3], 'e3': [1, 2]}",True
737,"{'e0': [1, 2, 3], 'e1': [2, 3], 'e2': [1, 3]}",True
738,"{'e0': [1, 2, 3], 'e1': [2, 3], 'e2': [1]}",True
739,"{'e0': [1, 2, 3], 'e1': [2], 'e2': [1]}",True
740,"{'e0': [1, 2, 3], 'e1': [2]}",True
741,"{'e0': [1, 2, 3], 'e1': [3, 4], 'e2': [2], 'e3': [1]}",True
742,"{'e0': [1, 2, 3], 'e1': [3, 4], 'e2': [4]}",True
743,"{'e0': [1, 2, 3], 'e1': [3], 'e2': [1], 'e3': [2]}",True
744,"{'e0': [1, 2, 4, 5, 6], 'e1': [3, 6], 'e2': [4, 6], 'e3': [3, 4]}",False
745,"{'e0': [1, 2, 4, 5], 'e1': [1, 2, 3], 'e2': [2, 4, 5], 'e3': [1, 2]}",True
746,"{'e0': [1, 2, 4, 5], 'e1': [1, 2, 4], 'e2': [1, 2, 3], 'e3': [1, 3, 4]}",False
747,"{'e0': [1, 2, 4, 5], 'e1': [1, 2, 4], 'e2': [2, 3, 4], 'e3': [1, 4]}",True
748,"{'e0': [1, 2, 4, 5], 'e1': [1, 2, 4], 'e2': [2, 4, 5], 'e3': [2, 3, 4]}",True
749,"{'e0': [1, 2, 4, 5], 'e1': [1, 2, 5], 'e2': [3, 4], 'e3': [1, 2]}",True
750,"{'e0': [1, 2, 4, 5], 'e1': [1, 3, 4, 5], 'e2': [1, 3, 5], 'e3': [1, 4, 5]}",True
751,"{'e0': [1, 2, 4, 5], 'e1': [1, 3, 4, 5], 'e2': [1, 4, 5], 'e3': [4, 5]}",True
752,"{'e0': [1, 2, 4, 5], 'e1': [1, 3, 4, 5], 'e2': [2, 4, 5], 'e3': [4, 5]}",True
753,"{'e0': [1, 2, 4, 5], 'e1': [1, 3, 5], 'e2': [1, 2, 5], 'e3': [2, 4]}",True
754,"{'e0': [1, 2, 4, 5], 'e1': [1, 3], 'e2': [1, 2], 'e3': [2, 3]}",False
755,"{'e0': [1, 2, 4, 5], 'e1': [1, 4, 5], 'e2': [2, 5], 'e3': [2, 3]}",True
756,"{'e0': [1, 2, 4, 5], 'e1': [1, 4, 5], 'e2': [3, 4], 'e3': [4, 5]}",True
757,"{'e0': [1, 2, 4, 5], 'e1': [2, 3, 4, 5], 'e2': [1, 2, 5], 'e3': [4, 5]}",True
758,"{'e0': [1, 2, 4, 5], 'e1': [2, 3, 4], 'e2': [1, 2]}",True
759,"{'e0': [1, 2, 4, 5], 'e1': [2, 3, 5], 'e2': [1, 2, 4], 'e3': [3, 5]}",True
760,"{'e0': [1, 2, 4, 5], 'e1': [2, 3, 5], 'e2': [4, 5], 'e3': [2, 5]}",True
761,"{'e0': [1, 2, 4, 5], 'e1': [2, 4, 5], 'e2': [1, 4, 5], 'e3': [1, 3]}",True
762,"{'e0': [1, 2, 4, 5], 'e1': [2, 4, 5], 'e2': [1, 4, 5], 'e3': [3, 4]}",True
763,"{'e0': [1, 2, 4, 5], 'e1': [2, 4, 5], 'e2': [1, 4], 'e3': [3, 4]}",True
764,"{'e0': [1, 2, 4, 5], 'e1': [2, 4], 'e2': [2, 3]}",True
765,"{'e0': [1, 2, 4, 5], 'e1': [2, 5], 'e2': [3, 4]}",True
766,"{'e0': [1, 2, 4, 5], 'e1': [3, 4, 5], 'e2': [1, 2, 5], 'e3': [3, 5]}",True
767,"{'e0': [1, 2, 4, 7], 'e1': [3, 4, 5, 7], 'e2': [2, 6, 7]}",True
768,"{'e0': [1, 2, 4, 7], 'e1': [3, 5, 6, 8], 'e2': [1, 3, 4]}",True
769,"{'e0': [1, 2, 4], 'e1': [1, 2, 3], 'e2': [2, 3], 'e3': [1, 3]}",True
770,"{'e0': [1, 2, 4], 'e1': [1, 2], 'e2': [1, 5], 'e3': [2, 3]}",True
771,"{'e0': [1, 2, 4], 'e1': [1, 3], 'e2': [1, 4], 'e3': [2]}",True
772,"{'e0': [1, 2, 4], 'e1': [1, 4], 'e2': [2, 3], 'e3': [3]}",True
773,"{'e0': [1, 2, 4], 'e1': [1, 4], 'e2': [2, 3]}",True
774,"{'e0': [1, 2, 4], 'e1': [2, 3, 4], 'e2': [1, 2], 'e3': [3, 4], 'e4': [2, 4]}",True
775,"{'e0': [1, 2, 4], 'e1': [2, 3, 4], 'e2': [2, 4], 'e3': [1, 2]}",True
776,"{'e0': [1, 2, 4], 'e1': [2, 3, 4], 'e2': [2, 5], 'e3': [1, 4]}",True
777,"{'e0': [1, 2, 4], 'e1': [2, 3, 4], 'e2': [3, 4], 'e3': [1, 4]}",True
778,"{'e0': [1, 2, 4], 'e1': [2, 3, 4], 'e2': [4], 'e3': [2]}",True
779,"{'e0': [1, 2, 4], 'e1': [2, 3, 5], 'e2': [3, 4, 5], 'e3': [2, 4]}",False
780,"{'e0': [1, 2, 4], 'e1': [2, 3], 'e2': [2, 4]}",True
781,"{'e0': [1, 2, 4], 'e1': [2, 3], 'e2': [4, 5]}",True
782,"{'e0': [1, 2, 4], 'e1': [3, 4, 5], 'e2': [1, 5], 'e3': [4, 5]}",False
783,"{'e0': [1, 2, 4], 'e1': [3, 4], 'e2': [4]}",True
784,"{'e0': [1, 2, 4], 'e1': [3, 5, 6]}",True
785,"{'e0': [1, 2, 5, 7], 'e1': [1, 3, 7], 'e2': [2, 4, 6]}",True
786,"{'e0': [1, 2, 5], 'e1': [1, 5], 'e2': [1, 4], 'e3': [2, 3]}",True
787,"{'e0': [1, 2, 5], 'e1': [2, 5], 'e2': [3, 4], 'e3': [1, 3]}",True
788,"{'e0': [1, 2], 'e1': [1, 3], 'e2': [1]}",True
789,"{'e0': [1, 2], 'e1': [2, 4], 'e2': [3, 4]}",True
790,"{'e0': [1, 2], 'e1': [3, 4]}",True
791,"{'e0': [1, 3, 4, 5, 6], 'e1': [1, 2, 3, 4, 5], 'e2': [3, 4, 5, 6], 'e3': [1, 3, 5, 6], 'e4': [1, 6]}",True
792,"{'e0': [1, 3, 4, 5, 6], 'e1': [2, 6], 'e2': [3, 5], 'e3': [1, 4]}",True
793,"{'e0': [1, 3, 4, 5, 7], 'e1': [3, 5, 6, 7], 'e2': [1, 2, 4, 7]}",True
794,"{'e0': [1, 3, 4, 5], 'e1': [1, 2, 3, 5], 'e2': [1, 3, 5], 'e3': [1, 4]}",True
795,"{'e0': [1, 3, 4, 5], 'e1': [1, 2, 4], 'e2': [1, 2]}",True
796,"{'e0': [1, 3, 4, 5], 'e1': [1, 2, 5], 'e2': [1, 3, 5], 'e3': [2, 3]}",False
797,"{'e0': [1, 3, 4, 5], 'e1': [1, 3, 5], 'e2': [2, 5]}",True
798,"{'e0': [1, 3, 4, 5], 'e1': [2, 3, 4, 5], 'e2': [2, 3, 5], 'e3': [2, 4]}",True
799,"{'e0': [1, 3, 4, 5], 'e1': [2, 4, 5, 6]}",True
800,"{'e0': [1, 3, 4, 5], 'e1': [3, 5], 'e2': [1, 2], 'e3': [4, 5]}",True
801,"{'e0': [1, 3, 4, 7], 'e1': [1, 2, 3, 4], 'e2': [1, 5, 6]}",True
802,"{'e0': [1, 3, 4, 7], 'e1': [1, 3, 5, 7], 'e2': [1, 2, 5, 6]}",True
803,"{'e0': [1, 3, 4], 'e1': [1, 2, 3], 'e2': [1, 3], 'e3': [4]}",True
804,"{'e0': [1, 3, 4], 'e1': [1, 2, 4], 'e2': [1, 3], 'e3': [2, 4]}",True
805,"{'e0': [1, 3, 4], 'e1': [1, 2, 4], 'e2': [1, 4], 'e3': [1, 3], 'e4': [3, 4]}",True
806,"{'e0': [1, 3, 4], 'e1': [1, 2, 5], 'e2': [1, 4], 'e3': [1, 5]}",True
807,"{'e0': [1, 3, 4], 'e1': [2, 3, 4], 'e2': [1, 4], 'e3': [3]}",True
808,"{'e0': [1, 3, 4], 'e1': [2, 3, 4], 'e2': [3, 4]}",True
809,"{'e0': [1, 3, 4], 'e1': [2, 3, 4]}",True
810,"{'e0': [1, 3, 4], 'e1': [2, 3], 'e2': [1, 4], 'e3': [3]}",True
811,"{'e0': [1, 3, 4], 'e1': [2, 3], 'e2': [2, 5]}",True
812,"{'e0': [1, 3, 4], 'e1': [2, 4], 'e2': [1, 3], 'e3': [1]}",True
813,"{'e0': [1, 3, 4], 'e1': [2, 4], 'e2': [1, 4], 'e3': [1, 3], 'e4': [3, 4]}",True
814,"{'e0': [1, 3, 4], 'e1': [2, 4], 'e2': [1], 'e3': [4]}",True
815,"{'e0': [1, 3, 4], 'e1': [2, 4], 'e2': [2], 'e3': [3]}",True
816,"{'e0': [1, 3, 4], 'e1': [2, 4], 'e2': [3, 4], 'e3': [2, 3]}",False
817,"{'e0': [1, 3, 4], 'e1': [3, 4, 5], 'e2': [2, 4, 6], 'e3': [1, 3, 7]}",True
818,"{'e0': [1, 3, 5, 6], 'e1': [4, 6, 7, 8], 'e2': [2, 3, 6]}",True
819,"{'e0': [1, 3, 5], 'e1': [1, 2, 3], 'e2': [4, 5]}",True
820,"{'e0': [1, 3, 5], 'e1': [1, 2, 4]}",True
821,"{'e0': [1, 3, 5], 'e1': [1, 2, 5], 'e2': [1, 2], 'e3': [1, 4]}",True
822,"{'e0': [1, 3, 5], 'e1': [1, 3, 4], 'e2': [3, 4], 'e3': [2, 5]}",True
823,"{'e0': [1, 3, 5], 'e1': [2, 3, 5], 'e2': [3, 5], 'e3': [1, 4]}",True
824,"{'e0': [1, 3, 5], 'e1': [2, 4], 'e2': [1, 5], 'e3': [1, 2]}",True
825,"{'e0': [1, 3], 'e1': [1, 2], 'e2': [2, 4], 'e3': [1]}",True
826,"{'e0': [1, 3], 'e1': [1, 2]}",True
827,"{'e0': [1, 3], 'e1': [3], 'e2': [2], 'e3': [1]}",True
828,"{'e0': [1, 4, 5, 6], 'e1': [1, 2, 7], 'e2': [1, 2, 3]}",True
829,"{'e0': [1, 4, 5, 6], 'e1': [2, 3, 5, 7], 'e2': [2, 3, 7]}",True
830,"{'e0': [1, 4, 5, 7], 'e1': [2, 3, 4, 6], 'e2': [1, 3, 4]}",True
831,"{'e0': [1, 4, 5], 'e1': [1, 2, 3], 'e2': [2, 3], 'e3': [1, 4]}",True
832,"{'e0': [1, 4, 5], 'e1': [1, 3, 4], 'e2': [2, 5], 'e3': [1, 5]}",True
833,"{'e0': [1, 4, 5], 'e1': [2, 3, 4], 'e2': [2, 4]}",True
834,"{'e0': [1, 4, 5], 'e1': [2, 3, 5], 'e2': [2, 3], 'e3': [3, 5]}",True
835,"{'e0': [1, 4, 5], 'e1': [2, 3, 5], 'e2': [2, 3]}",True
836,"{'e0': [1, 4, 5], 'e1': [2, 4, 7], 'e2': [3, 4, 6], 'e3': [3, 4, 7]}",True
837,"{'e0': [1, 4, 5], 'e1': [2, 4], 'e2': [3, 4]}",True
838,"{'e0': [1, 4, 6, 7], 'e1': [1, 2, 3, 7], 'e2': [4, 5, 6]}",True
839,"{'e0': [1, 4, 6, 8], 'e1': [2, 3, 5, 6], 'e2': [3, 5, 7]}",True
840,"{'e0': [1, 5, 6, 8], 'e1': [2, 4, 7], 'e2': [1, 3, 7]}",True
841,"{'e0': [1, 6, 7], 'e1': [2, 5, 6], 'e2': [2, 4, 6], 'e3': [1, 3, 7]}",True
842,"{'e0': [10, 11, 12, 2, 3, 4, 5, 6, 7, 8], 'e1': [1, 10, 12, 2, 3, 4, 6, 9], 'e2': [10, 11, 12, 3, 7], 'e3': [10, 11, 6, 8]}",True
843,"{'e0': [10, 11, 12, 2, 3, 4, 5, 6, 7, 9], 'e1': [1, 11, 2, 3, 4, 5, 7, 8], 'e2': [11, 3, 5, 7, 9], 'e3': [10, 11, 2, 3]}",True
844,"{'e0': [10, 11, 12, 2, 3, 4, 6, 7, 8, 9], 'e1': [10, 11, 12, 3, 5, 7, 8, 9], 'e2': [11, 12, 7, 8, 9], 'e3': [1, 12, 4, 8]}",True
845,"{'e0': [10, 11, 12, 2, 3, 5, 6, 7, 8, 9], 'e1': [1, 10, 11, 12, 4, 5, 6, 7], 'e2': [12, 2, 3, 7, 9], 'e3': [10, 11, 6, 7]}",True
846,"{'e0': [2, 3, 4, 5, 6], 'e1': [1, 2, 4, 5, 6]}",True
847,"{'e0': [2, 3, 4, 5], 'e1': [1, 2, 3, 5], 'e2': [3, 4, 5]}",True
848,"{'e0': [2, 3, 4, 5], 'e1': [1, 2, 4], 'e2': [2, 3, 4], 'e3': [2, 4]}",True
849,"{'e0': [2, 3, 4, 5], 'e1': [1, 2, 5], 'e2': [4, 5], 'e3': [1, 2]}",True
850,"{'e0': [2, 3, 4, 5], 'e1': [1, 2, 7], 'e2': [3, 6, 8]}",True
851,"{'e0': [2, 3, 4, 5], 'e1': [1, 3, 5], 'e2': [3, 4], 'e3': [2, 4]}",True
852,"{'e0': [2, 3, 4, 5], 'e1': [1, 3, 5], 'e2': [4, 5], 'e3': [2, 3]}",True
853,"{'e0': [2, 3, 4, 5], 'e1': [1, 5], 'e2': [3, 5], 'e3': [2, 5]}",True
854,"{'e0': [2, 3, 4, 5], 'e1': [2, 3, 5], 'e2': [1, 2, 5]}",True
855,"{'e0': [2, 3, 4, 5], 'e1': [2, 3, 5], 'e2': [1, 4]}",True
856,"{'e0': [2, 3, 4, 5], 'e1': [2, 3, 5], 'e2': [4, 5], 'e3': [1, 2]}",True
857,"{'e0': [2, 3, 4, 5], 'e1': [3, 5], 'e2': [2, 5], 'e3': [1, 3]}",True
858,"{'e0': [2, 3, 4, 8], 'e1': [1, 2, 4, 7], 'e2': [2, 5, 6]}",True
859,"{'e0': [2, 3, 4], 'e1': [1, 2, 3], 'e2': [1, 2], 'e3': [1]}",True
860,"{'e0': [2, 3, 4], 'e1': [1, 2, 4], 'e2': [2, 3], 'e3': [2]}",True
861,"{'e0': [2, 3, 4], 'e1': [1, 2, 5], 'e2': [3, 4], 'e3': [1, 5]}",True
862,"{'e0': [2, 3, 4], 'e1': [1, 3, 4], 'e2': [2, 3]}",True
863,"{'e0': [2, 3, 4], 'e1': [1, 3], 'e2': [3], 'e3': [1]}",True
864,"{'e0': [2, 3, 4], 'e1': [1, 6, 7], 'e2': [5, 6, 7], 'e3': [3, 6, 7]}",True
865,"{'e0': [2, 3, 4], 'e1': [2, 4, 5], 'e2': [1, 2]}",True
866,"{'e0': [2, 3, 4], 'e1': [2, 4], 'e2': [1, 2], 'e3': [2, 3]}",True
867,"{'e0': [2, 3, 4], 'e1': [3, 4, 5], 'e2': [1, 2, 4], 'e3': [3, 4]}",True
868,"{'e0': [2, 3, 4], 'e1': [3, 4], 'e2': [1, 3], 'e3': [3]}",True
869,"{'e0': [2, 3, 4], 'e1': [4, 5], 'e2': [2, 3], 'e3': [1, 4]}",True
870,"{'e0': [2, 3, 5, 6, 7], 'e1': [1, 2, 4, 5], 'e2': [3, 5, 6, 7]}",True
871,"{'e0': [2, 3, 5, 6, 7], 'e1': [1, 2, 5, 7], 'e2': [2, 4, 5, 7]}",True
872,"{'e0': [2, 3, 5, 7], 'e1': [3, 4, 6, 7], 'e2': [1, 3, 7]}",True
873,"{'e0': [2, 3, 5, 8], 'e1': [1, 2, 4], 'e2': [2, 6, 7]}",True
874,"{'e0': [2, 3, 5], 'e1': [1, 2, 5], 'e2': [2, 4, 5]}",True
875,"{'e0': [2, 3, 5], 'e1': [1, 2], 'e2': [2, 4], 'e3': [2, 5]}",True
876,"{'e0': [2, 3, 7], 'e1': [1, 2, 4], 'e2': [2, 5, 6]}",True
877,"{'e0': [2, 3], 'e1': [1, 2], 'e2': [3], 'e3': [1]}",True
878,"{'e0': [2, 3], 'e1': [1, 3], 'e2': [1], 'e3': [3]}",True
879,"{'e0': [2, 3], 'e1': [1, 3], 'e2': [1]}",True
880,"{'e0': [2, 3], 'e1': [1, 3], 'e2': [3, 4], 'e3': [1]}",True
881,"{'e0': [2, 3], 'e1': [2, 4], 'e2': [1, 2], 'e3': [2]}",True
882,"{'e0': [2, 4, 5, 6, 7], 'e1': [1, 2, 3, 7], 'e2': [2, 4, 5, 7]}",True
883,"{'e0': [2, 4, 5, 6], 'e1': [2, 4, 5, 7], 'e2': [1, 3, 4, 5]}",True
884,"{'e0': [2, 4, 5], 'e1': [1, 2, 4], 'e2': [2, 3, 4], 'e3': [2, 4]}",True
885,"{'e0': [2, 4, 5], 'e1': [1, 2, 5], 'e2': [2, 3], 'e3': [2, 5]}",True
886,"{'e0': [2, 4, 5], 'e1': [2, 3, 5], 'e2': [1, 3, 5], 'e3': [4, 5]}",True
887,"{'e0': [2, 4, 5], 'e1': [2, 3, 7], 'e2': [2, 5, 6], 'e3': [1, 2, 5]}",True
888,"{'e0': [2, 4, 6, 7], 'e1': [3, 4, 5], 'e2': [1, 4, 7]}",True
889,"{'e0': [2, 4, 6], 'e1': [2, 3, 4], 'e2': [1, 5, 6], 'e3': [2, 3, 7]}",True
890,"{'e0': [2, 4, 7], 'e1': [1, 4, 7], 'e2': [3, 6, 7], 'e3': [3, 4, 5]}",True
891,"{'e0': [2, 4], 'e1': [1, 4], 'e2': [3, 4]}",True
892,"{'e0': [2, 5, 6], 'e1': [2, 5, 7], 'e2': [2, 3, 4], 'e3': [1, 2, 4]}",True
893,"{'e0': [3, 4, 5], 'e1': [1, 2, 5], 'e2': [2, 5], 'e3': [1, 5]}",True
894,"{'e0': [3, 4, 5], 'e1': [1, 3, 4], 'e2': [2, 4, 5]}",True
895,"{'e0': [3, 4, 5], 'e1': [1, 3, 4], 'e2': [2, 4], 'e3': [2, 3]}",True
896,"{'e0': [3, 4, 5], 'e1': [2, 4, 5], 'e2': [1, 3, 5], 'e3': [3, 4]}",True
897,"{'e0': [3, 4, 7], 'e1': [1, 5, 7], 'e2': [1, 2, 6]}",True
898,"{'e0': [3, 4], 'e1': [2, 3], 'e2': [1, 4], 'e3': [2]}",True
899,"{'e0': [3, 6, 7], 'e1': [2, 4, 5], 'e2': [1, 6, 7], 'e3': [1, 2, 4]}",True
900,"{'e0': [4, 5, 7, 8], 'e1': [1, 3, 4, 5], 'e2': [2, 3, 6]}",True
