,hypergraphs,alpha
0,"{'e0': [1, 10, 11, 12, 13, 14, 15, 16, 2, 4, 5, 6], 'e1': [10, 11, 12, 14, 15, 3, 4, 5, 6, 7], 'e2': [11, 12, 15, 2, 3, 4, 5, 6, 7, 8], 'e3': [1, 10, 14, 16, 5, 6, 8], 'e4': [15, 16, 3, 5, 9], 'e5': [10, 13, 15, 3, 8], 'e6': [1, 7, 9]}",FALSE
1,"{'e0': [1, 10, 11, 12, 13, 14, 15, 16, 2, 5, 7, 8], 'e1': [1, 12, 14, 16, 2, 3, 6, 7, 8, 9], 'e2': [1, 10, 11, 16, 2, 3, 4, 5, 6, 7], 'e3': [1, 10, 14, 16, 2, 4, 7, 9], 'e4': [1, 11, 16, 2, 7, 8], 'e5': [10, 4, 6, 7]}",FALSE
2,"{'e0': [1, 10, 11, 12, 13, 14, 15, 16, 3, 4, 5, 7], 'e1': [1, 11, 14, 15, 16, 3, 4, 6, 8, 9], 'e2': [11, 13, 14, 15, 2, 3, 4, 6, 7, 8], 'e3': [10, 11, 13, 14, 16, 2, 8], 'e4': [10, 13, 16, 5, 9], 'e5': [13, 14, 15, 16, 4], 'e6': [15, 2, 6]}",FALSE
3,"{'e0': [1, 10, 11, 12, 13, 14, 15, 16, 3, 5, 7, 8], 'e1': [1, 10, 12, 13, 15, 16, 2, 3, 5, 8], 'e2': [11, 12, 13, 14, 15, 16, 4, 5, 6, 9], 'e3': [11, 12, 14, 3, 6, 7, 8, 9], 'e4': [12, 3, 4, 5, 7, 8], 'e5': [13, 2, 3, 6]}",FALSE
4,"{'e0': [1, 10, 11, 12, 13, 14, 15, 16, 6, 7, 8, 9], 'e1': [11, 13, 15, 16, 2, 3, 4, 5, 7, 8], 'e2': [1, 12, 14, 16, 3, 4, 5, 6, 7, 9], 'e3': [1, 11, 13, 14, 15, 16, 6, 8], 'e4': [14, 15, 3, 5, 7, 9], 'e5': [12, 13, 5, 6]}",FALSE
5,"{'e0': [1, 10, 11, 12, 13, 14, 15, 2, 3, 5, 7, 9], 'e1': [1, 10, 12, 13, 14, 16, 2, 3, 8, 9], 'e2': [11, 12, 15, 16, 2, 3, 4, 5, 6, 8], 'e3': [1, 11, 12, 13, 15, 16, 6, 9], 'e4': [12, 14, 16, 2, 4, 6], 'e5': [1, 11, 14, 15]}",FALSE
6,"{'e0': [1, 10, 11, 12, 13, 14, 15, 2, 3, 7, 8, 9], 'e1': [10, 12, 13, 14, 15, 16, 2, 3, 6, 8], 'e2': [1, 13, 14, 15, 16, 2, 3, 5, 7, 9], 'e3': [10, 14, 2, 4, 6, 7, 8], 'e4': [12, 13, 14, 3, 6], 'e5': [1, 10, 14, 2, 6], 'e6': [13, 6, 7]}",FALSE
7,"{'e0': [1, 10, 11, 12, 13, 14, 15, 3, 4, 6, 7, 9], 'e1': [1, 10, 12, 14, 2, 3, 5, 6, 7, 9], 'e2': [1, 13, 14, 15, 16, 3, 4, 6, 7, 8], 'e3': [1, 10, 11, 13, 16, 5, 6, 7], 'e4': [11, 13, 14, 15, 2, 9], 'e5': [13, 2, 5, 9]}",FALSE
8,"{'e0': [1, 10, 11, 12, 13, 14, 16, 2, 3, 4, 5, 6], 'e1': [12, 13, 14, 15, 16, 2, 3, 6, 7, 8], 'e2': [1, 10, 11, 15, 2, 3, 4, 5, 8, 9], 'e3': [11, 12, 13, 14, 3, 4, 8], 'e4': [1, 13, 15, 2, 7], 'e5': [1, 15, 2, 5, 7], 'e6': [12, 3, 8]}",FALSE
9,"{'e0': [1, 10, 11, 12, 13, 14, 16, 2, 3, 5, 6, 8], 'e1': [10, 11, 12, 13, 16, 2, 4, 5, 6, 9], 'e2': [11, 12, 13, 15, 16, 2, 4, 5, 6, 7], 'e3': [1, 12, 13, 2, 5, 6, 8], 'e4': [15, 2, 4, 7, 9], 'e5': [1, 10, 2, 5, 8], 'e6': [12, 5, 6]}",FALSE
10,"{'e0': [1, 10, 11, 12, 13, 14, 16, 2, 4, 5, 6, 7], 'e1': [1, 11, 12, 13, 14, 16, 2, 3, 5, 6], 'e2': [1, 11, 15, 16, 2, 3, 5, 6, 7, 9], 'e3': [1, 10, 12, 13, 3, 7, 8, 9], 'e4': [14, 2, 4, 5, 8, 9], 'e5': [10, 15, 6, 9]}",FALSE
11,"{'e0': [1, 10, 11, 12, 13, 14, 16, 2, 4, 6, 7, 8], 'e1': [1, 10, 14, 15, 16, 3, 4, 5, 6, 9], 'e2': [1, 12, 13, 16, 2, 4, 5, 6, 7, 8], 'e3': [1, 12, 13, 16, 3, 4, 5, 9], 'e4': [11, 12, 13, 15, 5, 9], 'e5': [12, 15, 2, 8]}",FALSE
12,"{'e0': [1, 10, 11, 12, 13, 14, 16, 2, 5, 6, 7, 8], 'e1': [1, 10, 13, 14, 15, 16, 4, 6, 7, 8], 'e2': [1, 10, 11, 12, 14, 16, 3, 4, 5, 7], 'e3': [11, 12, 14, 15, 3, 5, 7], 'e4': [2, 3, 4, 6, 9], 'e5': [14, 15, 3, 4, 6], 'e6': [11, 13, 4]}",FALSE
13,"{'e0': [1, 10, 11, 12, 13, 14, 16, 2, 5, 6, 8, 9], 'e1': [10, 13, 15, 16, 2, 3, 4, 7, 8, 9], 'e2': [1, 10, 11, 12, 13, 3, 4, 6, 7, 8], 'e3': [10, 11, 2, 3, 7, 8, 9], 'e4': [1, 10, 4, 5, 9], 'e5': [15, 16, 2, 5, 9], 'e6': [12, 15, 7]}",FALSE
14,"{'e0': [1, 10, 11, 12, 13, 14, 16, 3, 4, 5, 6, 7], 'e1': [1, 12, 13, 15, 3, 5, 6, 7, 8, 9], 'e2': [1, 11, 13, 15, 16, 2, 3, 5, 6, 8], 'e3': [11, 15, 16, 3, 5, 6, 7], 'e4': [11, 14, 3, 8, 9], 'e5': [12, 13, 5, 7, 9], 'e6': [1, 11, 15]}",FALSE
15,"{'e0': [1, 10, 11, 12, 13, 14, 16, 4, 6, 7, 8, 9], 'e1': [1, 11, 12, 13, 15, 2, 3, 4, 5, 9], 'e2': [1, 10, 11, 14, 16, 4, 5, 6, 7, 8], 'e3': [1, 11, 15, 2, 3, 5, 7], 'e4': [1, 11, 12, 16, 3], 'e5': [16, 6, 7, 8, 9], 'e6': [1, 12, 14]}",FALSE
16,"{'e0': [1, 10, 11, 12, 13, 14, 16, 4, 6, 7, 8, 9], 'e1': [1, 14, 15, 16, 2, 3, 5, 6, 7, 8], 'e2': [1, 11, 12, 13, 14, 2, 3, 4, 8, 9], 'e3': [1, 15, 16, 2, 3, 5, 6], 'e4': [1, 11, 13, 16, 8], 'e5': [12, 13, 15, 5, 8], 'e6': [13, 14, 5]}",FALSE
17,"{'e0': [1, 10, 11, 12, 13, 14, 2, 3, 5, 6, 8, 9], 'e1': [1, 10, 11, 13, 15, 16, 4, 6, 7, 8], 'e2': [10, 13, 16, 2, 3, 4, 5, 6, 7, 9], 'e3': [10, 13, 15, 16, 2, 5, 7], 'e4': [10, 16, 2, 6, 9], 'e5': [12, 13, 4, 7, 8], 'e6': [3, 7, 8]}",FALSE
18,"{'e0': [1, 10, 11, 12, 13, 14, 3, 4, 5, 6, 7, 8], 'e1': [1, 10, 12, 14, 15, 16, 2, 5, 6, 7], 'e2': [10, 11, 14, 15, 16, 2, 4, 7, 8, 9], 'e3': [10, 12, 15, 16, 5, 6, 7, 9], 'e4': [1, 13, 16, 2, 4, 9], 'e5': [13, 2, 3, 6]}",FALSE
19,"{'e0': [1, 10, 11, 12, 13, 14, 3, 4, 5, 6, 7, 8], 'e1': [10, 11, 12, 13, 14, 16, 2, 4, 8, 9], 'e2': [1, 10, 11, 14, 15, 2, 3, 4, 6, 7], 'e3': [1, 13, 14, 15, 2, 6, 9], 'e4': [1, 15, 2, 3, 4], 'e5': [13, 15, 5, 6, 8], 'e6': [11, 16, 9]}",FALSE
20,"{'e0': [1, 10, 11, 12, 13, 14, 3, 4, 5, 6, 8, 9], 'e1': [1, 10, 12, 13, 14, 15, 2, 3, 4, 8], 'e2': [1, 10, 11, 13, 14, 3, 5, 6, 7, 9], 'e3': [10, 11, 12, 14, 4, 5, 7, 8], 'e4': [13, 14, 15, 16, 4, 8], 'e5': [1, 13, 14, 4]}",FALSE
21,"{'e0': [1, 10, 11, 12, 13, 14, 4, 5, 6, 7, 8, 9], 'e1': [10, 11, 12, 13, 15, 2, 4, 5, 7, 9], 'e2': [1, 10, 11, 12, 13, 14, 16, 2, 4, 8], 'e3': [12, 13, 15, 16, 3, 6, 8], 'e4': [1, 11, 14, 3, 4], 'e5': [11, 13, 15, 4, 5], 'e6': [11, 12, 15]}",FALSE
22,"{'e0': [1, 10, 11, 12, 13, 15, 16, 2, 3, 4, 6, 7], 'e1': [1, 10, 12, 13, 16, 3, 4, 5, 6, 8], 'e2': [1, 10, 11, 14, 16, 3, 4, 5, 6, 9], 'e3': [10, 11, 12, 3, 4, 6, 8, 9], 'e4': [1, 14, 15, 16, 6, 9], 'e5': [1, 2, 3, 8]}",FALSE
23,"{'e0': [1, 10, 11, 12, 13, 15, 16, 2, 3, 5, 7, 9], 'e1': [1, 11, 12, 14, 15, 5, 6, 7, 8, 9], 'e2': [10, 11, 12, 13, 3, 4, 5, 6, 8, 9], 'e3': [10, 12, 13, 14, 6, 8, 9], 'e4': [10, 12, 16, 4, 6], 'e5': [1, 11, 4, 6, 9], 'e6': [10, 2, 4]}",FALSE
24,"{'e0': [1, 10, 11, 12, 13, 15, 16, 2, 3, 6, 7, 8], 'e1': [10, 11, 12, 13, 14, 15, 16, 3, 5, 7], 'e2': [1, 10, 11, 15, 16, 2, 3, 4, 6, 7], 'e3': [11, 12, 13, 15, 2, 4, 6, 9], 'e4': [11, 15, 4, 5, 7, 8], 'e5': [11, 16, 2, 3]}",FALSE
25,"{'e0': [1, 10, 11, 12, 13, 15, 16, 2, 4, 5, 6, 9], 'e1': [1, 13, 14, 15, 2, 3, 5, 7, 8, 9], 'e2': [1, 10, 11, 12, 15, 16, 4, 5, 8, 9], 'e3': [10, 15, 16, 2, 5, 6, 7, 9], 'e4': [10, 11, 14, 6, 7, 9], 'e5': [1, 11, 2, 6]}",FALSE
26,"{'e0': [1, 10, 11, 12, 13, 15, 16, 3, 4, 5, 7, 9], 'e1': [10, 12, 14, 15, 16, 2, 4, 6, 7, 9], 'e2': [10, 14, 16, 2, 4, 5, 6, 7, 8, 9], 'e3': [1, 13, 16, 3, 6, 7, 8, 9], 'e4': [10, 14, 15, 16, 3, 4], 'e5': [1, 11, 5, 9]}",FALSE
27,"{'e0': [1, 10, 11, 12, 13, 15, 2, 3, 6, 7, 8, 9], 'e1': [1, 11, 14, 15, 16, 3, 4, 5, 8, 9], 'e2': [1, 11, 14, 16, 2, 3, 4, 5, 8, 9], 'e3': [11, 12, 15, 3, 4, 6, 9], 'e4': [10, 11, 12, 13, 6], 'e5': [11, 14, 2, 4, 8], 'e6': [11, 16, 8]}",FALSE
28,"{'e0': [1, 10, 11, 12, 13, 15, 2, 5, 6, 7, 8, 9], 'e1': [10, 14, 15, 16, 3, 4, 5, 7, 8, 9], 'e2': [1, 12, 14, 15, 16, 2, 4, 5, 7, 9], 'e3': [1, 10, 15, 16, 5, 6, 8], 'e4': [14, 15, 16, 7, 9], 'e5': [1, 13, 15, 16, 6], 'e6': [1, 4, 5]}",FALSE
29,"{'e0': [1, 10, 11, 12, 14, 15, 16, 2, 6, 7, 8, 9], 'e1': [1, 11, 13, 14, 16, 2, 3, 4, 7, 8], 'e2': [10, 11, 12, 14, 15, 16, 4, 7, 8, 9], 'e3': [11, 13, 14, 2, 3, 4, 5, 7], 'e4': [11, 12, 16, 3, 8, 9], 'e5': [11, 16, 2, 6]}",FALSE
30,"{'e0': [1, 10, 11, 12, 14, 15, 16, 3, 5, 6, 7, 8], 'e1': [1, 10, 12, 13, 16, 3, 5, 6, 8, 9], 'e2': [10, 12, 14, 15, 3, 4, 6, 7, 8, 9], 'e3': [1, 10, 12, 14, 3, 4, 9], 'e4': [2, 4, 6, 7, 9], 'e5': [14, 15, 4, 5, 7], 'e6': [14, 5, 8]}",FALSE
31,"{'e0': [1, 10, 11, 12, 14, 15, 16, 5, 6, 7, 8, 9], 'e1': [1, 10, 11, 12, 13, 14, 6, 7, 8, 9], 'e2': [1, 12, 13, 14, 2, 3, 4, 6, 8, 9], 'e3': [1, 12, 16, 3, 4, 6, 7, 8], 'e4': [1, 11, 15, 2, 3, 7], 'e5': [11, 3, 4, 6]}",FALSE
32,"{'e0': [1, 10, 11, 12, 14, 15, 16, 5, 6, 7, 8, 9], 'e1': [1, 10, 13, 15, 16, 2, 4, 5, 8, 9], 'e2': [10, 12, 13, 16, 2, 3, 5, 6, 8, 9], 'e3': [10, 14, 15, 16, 4, 5, 6, 7], 'e4': [10, 14, 15, 16, 3, 5], 'e5': [14, 16, 2, 3]}",FALSE
33,"{'e0': [1, 10, 11, 12, 14, 15, 2, 3, 4, 5, 6, 7], 'e1': [1, 11, 12, 14, 15, 16, 3, 7, 8, 9], 'e2': [1, 11, 12, 14, 15, 2, 3, 4, 5, 8], 'e3': [12, 13, 14, 15, 3, 6, 7, 8], 'e4': [10, 12, 5, 6, 7, 9], 'e5': [1, 11, 14, 4]}",FALSE
34,"{'e0': [1, 10, 11, 12, 14, 15, 2, 3, 4, 5, 8, 9], 'e1': [10, 11, 13, 2, 3, 5, 6, 7, 8, 9], 'e2': [1, 11, 13, 14, 16, 2, 3, 4, 5, 9], 'e3': [1, 11, 14, 15, 2, 5, 6, 9], 'e4': [10, 11, 13, 16, 5, 6], 'e5': [11, 12, 13, 16]}",FALSE
35,"{'e0': [1, 10, 11, 12, 14, 15, 2, 3, 4, 6, 8, 9], 'e1': [10, 11, 13, 16, 2, 5, 6, 7, 8, 9], 'e2': [1, 10, 12, 13, 16, 2, 3, 4, 8, 9], 'e3': [10, 11, 13, 2, 3, 6, 7], 'e4': [16, 2, 4, 5, 8], 'e5': [10, 11, 13, 14, 9], 'e6': [4, 6, 7]}",FALSE
36,"{'e0': [1, 10, 11, 12, 14, 15, 2, 3, 6, 7, 8, 9], 'e1': [11, 12, 14, 15, 16, 2, 3, 5, 7, 8], 'e2': [10, 11, 12, 13, 14, 16, 3, 5, 8, 9], 'e3': [1, 12, 14, 16, 3, 6, 8, 9], 'e4': [10, 14, 2, 6, 7, 8], 'e5': [14, 16, 4, 5]}",FALSE
37,"{'e0': [1, 10, 11, 12, 14, 15, 2, 4, 6, 7, 8, 9], 'e1': [10, 12, 13, 14, 15, 2, 3, 4, 8, 9], 'e2': [1, 10, 11, 12, 15, 16, 2, 3, 5, 7], 'e3': [1, 10, 11, 13, 14, 4, 7], 'e4': [1, 12, 2, 5, 9], 'e5': [11, 14, 16, 3, 6], 'e6': [10, 14, 7]}",FALSE
38,"{'e0': [1, 10, 11, 12, 14, 15, 3, 4, 5, 6, 7, 8], 'e1': [1, 10, 11, 12, 13, 14, 15, 5, 6, 7], 'e2': [1, 11, 12, 14, 16, 2, 4, 5, 7, 9], 'e3': [1, 14, 15, 3, 5, 6, 8, 9], 'e4': [12, 15, 16, 2, 6, 9], 'e5': [14, 2, 5, 7]}",FALSE
39,"{'e0': [1, 10, 11, 12, 14, 16, 2, 3, 5, 7, 8, 9], 'e1': [1, 10, 15, 16, 2, 4, 5, 6, 8, 9], 'e2': [10, 12, 13, 14, 2, 3, 4, 6, 7, 9], 'e3': [11, 12, 14, 15, 16, 2, 3, 7], 'e4': [14, 16, 2, 3, 4, 5], 'e5': [10, 14, 15, 5]}",FALSE
40,"{'e0': [1, 10, 11, 12, 15, 16, 2, 3, 4, 5, 6, 7], 'e1': [1, 10, 12, 13, 14, 16, 5, 6, 7, 9], 'e2': [1, 10, 11, 14, 15, 3, 4, 5, 7, 8], 'e3': [10, 13, 3, 5, 6, 8, 9], 'e4': [11, 14, 15, 16, 2], 'e5': [14, 16, 3, 6, 7], 'e6': [4, 5, 9]}",FALSE
41,"{'e0': [1, 10, 11, 12, 15, 16, 2, 3, 4, 6, 7, 8], 'e1': [1, 10, 13, 14, 15, 16, 2, 4, 7, 9], 'e2': [1, 10, 13, 14, 2, 3, 4, 6, 7, 8], 'e3': [11, 14, 16, 2, 3, 8, 9], 'e4': [13, 16, 6, 7, 8], 'e5': [10, 13, 14, 2, 7], 'e6': [2, 5, 6]}",FALSE
42,"{'e0': [1, 10, 11, 12, 15, 16, 2, 3, 6, 7, 8, 9], 'e1': [1, 10, 11, 13, 15, 16, 2, 3, 5, 7], 'e2': [1, 11, 13, 14, 16, 3, 4, 6, 7, 9], 'e3': [1, 11, 12, 13, 14, 15, 16, 5], 'e4': [13, 15, 16, 3, 8, 9], 'e5': [11, 3, 5, 6]}",FALSE
43,"{'e0': [1, 10, 11, 12, 15, 16, 3, 5, 6, 7, 8, 9], 'e1': [1, 10, 11, 14, 16, 2, 3, 4, 5, 9], 'e2': [1, 10, 12, 13, 14, 3, 5, 6, 7, 8], 'e3': [1, 11, 14, 16, 2, 4, 5, 9], 'e4': [1, 11, 13, 4, 5, 9], 'e5': [1, 12, 3, 9]}",FALSE
44,"{'e0': [1, 10, 11, 12, 16, 3, 4, 5, 6, 7, 8, 9], 'e1': [1, 12, 13, 15, 2, 3, 4, 6, 7, 9], 'e2': [10, 14, 15, 16, 2, 3, 4, 6, 7, 8], 'e3': [12, 13, 14, 16, 4, 7, 8], 'e4': [10, 11, 12, 15, 2], 'e5': [1, 11, 13, 14, 3], 'e6': [1, 7, 8]}",FALSE
45,"{'e0': [1, 10, 11, 12, 2, 3, 4, 5, 6, 7, 8, 9], 'e1': [1, 10, 11, 13, 14, 15, 16, 3, 5, 9], 'e2': [11, 12, 13, 16, 4, 5, 6, 7, 8, 9], 'e3': [12, 15, 16, 3, 7, 8, 9], 'e4': [1, 10, 13, 14, 4], 'e5': [1, 10, 16, 3, 8], 'e6': [10, 4, 6]}",FALSE
46,"{'e0': [1, 10, 11, 12, 2, 3, 4, 5, 6, 9], 'e1': [11, 12, 2, 3, 5, 6, 7, 9], 'e2': [12, 4, 5, 8, 9], 'e3': [12, 3, 4, 7]}",FALSE
47,"{'e0': [1, 10, 11, 12, 2, 3, 4, 5, 7, 8], 'e1': [1, 10, 2, 3, 4, 5, 6, 7], 'e2': [2, 3, 4, 6, 8], 'e3': [1, 3, 5, 9]}",FALSE
48,"{'e0': [1, 10, 11, 12, 2, 3, 4, 5, 7, 8], 'e1': [1, 11, 12, 2, 4, 5, 7, 9], 'e2': [10, 2, 4, 6, 9], 'e3': [1, 2, 5, 9]}",FALSE
49,"{'e0': [1, 10, 11, 12, 2, 3, 4, 5, 7, 8], 'e1': [1, 12, 3, 4, 5, 6, 7, 9], 'e2': [10, 12, 7, 8, 9], 'e3': [10, 2, 8, 9]}",FALSE
50,"{'e0': [1, 10, 11, 12, 2, 3, 4, 5, 7, 8], 'e1': [10, 12, 4, 5, 6, 7, 8, 9], 'e2': [1, 10, 12, 7, 9], 'e3': [11, 6, 8, 9]}",FALSE
51,"{'e0': [1, 10, 11, 12, 2, 3, 4, 5, 7, 9], 'e1': [1, 10, 11, 3, 4, 7, 8, 9], 'e2': [4, 5, 7, 8, 9], 'e3': [2, 4, 5, 6]}",FALSE
52,"{'e0': [1, 10, 11, 12, 2, 3, 4, 5, 7, 9], 'e1': [1, 11, 12, 2, 3, 4, 8, 9], 'e2': [1, 10, 3, 4, 6], 'e3': [12, 3, 6, 7]}",FALSE
53,"{'e0': [1, 10, 11, 12, 2, 3, 4, 5, 8, 9], 'e1': [1, 3, 4, 5, 6, 7, 8, 9], 'e2': [10, 12, 2, 4, 7], 'e3': [10, 11, 12, 3]}",FALSE
54,"{'e0': [1, 10, 11, 12, 2, 3, 4, 6, 7, 8], 'e1': [1, 10, 4, 5, 6, 7, 8, 9], 'e2': [1, 10, 2, 4, 7], 'e3': [11, 3, 8, 9]}",FALSE
55,"{'e0': [1, 10, 11, 12, 2, 3, 4, 6, 7, 9], 'e1': [1, 11, 12, 3, 4, 5, 7, 9], 'e2': [1, 4, 5, 7, 8], 'e3': [11, 3, 5, 8]}",FALSE
56,"{'e0': [1, 10, 11, 12, 2, 3, 4, 7, 8, 9], 'e1': [1, 2, 3, 5, 6, 7, 8, 9], 'e2': [1, 11, 3, 4, 6], 'e3': [12, 3, 6, 8]}",FALSE
57,"{'e0': [1, 10, 11, 12, 2, 3, 5, 6, 7, 8], 'e1': [10, 2, 3, 4, 6, 7, 8, 9], 'e2': [1, 10, 4, 6, 7], 'e3': [1, 10, 2, 4]}",FALSE
58,"{'e0': [1, 10, 11, 12, 2, 3, 5, 6, 7, 9], 'e1': [1, 12, 2, 3, 4, 5, 8, 9], 'e2': [1, 2, 5, 8, 9], 'e3': [3, 4, 5, 7]}",FALSE
59,"{'e0': [1, 10, 11, 12, 2, 3, 5, 6, 7, 9], 'e1': [12, 3, 4, 5, 6, 7, 8, 9], 'e2': [10, 11, 3, 4, 8], 'e3': [11, 12, 3, 5]}",FALSE
60,"{'e0': [1, 10, 11, 12, 2, 3, 5, 7, 8, 9], 'e1': [1, 11, 12, 2, 4, 6, 7, 9], 'e2': [1, 12, 2, 4, 6], 'e3': [1, 10, 6, 7]}",FALSE
61,"{'e0': [1, 10, 11, 12, 2, 3, 6, 7, 8, 9], 'e1': [1, 10, 12, 4, 5, 6, 7, 9], 'e2': [10, 11, 12, 4, 6], 'e3': [2, 6, 7, 8]}",FALSE
62,"{'e0': [1, 10, 11, 12, 2, 4, 5, 6, 7, 8], 'e1': [1, 10, 12, 2, 3, 4, 6, 8], 'e2': [10, 3, 6, 8, 9], 'e3': [2, 5, 8, 9]}",FALSE
63,"{'e0': [1, 10, 11, 12, 2, 4, 5, 6, 7, 8], 'e1': [10, 11, 12, 2, 3, 4, 8, 9], 'e2': [10, 2, 5, 6, 8], 'e3': [1, 2, 6, 9]}",FALSE
64,"{'e0': [1, 10, 11, 12, 2, 4, 5, 6, 7, 9], 'e1': [1, 10, 2, 3, 4, 6, 8, 9], 'e2': [1, 12, 2, 4, 9], 'e3': [2, 3, 5, 8]}",FALSE
65,"{'e0': [1, 10, 11, 12, 2, 4, 6, 7, 8, 9], 'e1': [10, 2, 3, 4, 5, 7, 8, 9], 'e2': [11, 2, 4, 6, 8], 'e3': [10, 11, 5, 6]}",FALSE
66,"{'e0': [1, 10, 11, 12, 2, 5, 6, 7, 8, 9], 'e1': [1, 2, 3, 5, 6, 7, 8, 9], 'e2': [1, 12, 3, 5, 9], 'e3': [10, 4, 5, 6]}",FALSE
67,"{'e0': [1, 10, 11, 12, 3, 4, 5, 6, 7, 9], 'e1': [11, 2, 3, 4, 5, 7, 8, 9], 'e2': [10, 2, 3, 8, 9], 'e3': [1, 10, 11, 9]}",FALSE
68,"{'e0': [1, 10, 11, 12, 3, 4, 5, 6, 8, 9], 'e1': [1, 10, 11, 12, 4, 5, 6, 7], 'e2': [12, 2, 3, 7, 8], 'e3': [10, 5, 6, 9]}",FALSE
69,"{'e0': [1, 10, 11, 12, 3, 4, 6, 7, 8, 9], 'e1': [1, 11, 12, 2, 3, 5, 7, 8], 'e2': [11, 2, 5, 6, 8], 'e3': [12, 3, 4, 8]}",FALSE
70,"{'e0': [1, 10, 11, 12, 3, 4, 6, 7, 8, 9], 'e1': [10, 11, 2, 3, 4, 5, 6, 8], 'e2': [10, 2, 4, 6, 7], 'e3': [1, 10, 7, 8]}",FALSE
71,"{'e0': [1, 10, 11, 13, 14, 15, 16, 2, 4, 5, 6, 9], 'e1': [1, 11, 14, 15, 16, 2, 3, 4, 6, 7], 'e2': [1, 10, 11, 13, 14, 16, 3, 5, 6, 9], 'e3': [10, 12, 13, 15, 2, 8, 9], 'e4': [15, 16, 2, 4, 6], 'e5': [12, 15, 16, 4, 5], 'e6': [11, 6, 8]}",FALSE
72,"{'e0': [1, 10, 11, 13, 14, 15, 16, 2, 5, 7, 8, 9], 'e1': [1, 11, 13, 16, 2, 3, 4, 6, 7, 8], 'e2': [1, 12, 13, 2, 3, 4, 5, 6, 7, 9], 'e3': [1, 10, 11, 13, 16, 5, 8], 'e4': [10, 16, 3, 6, 7], 'e5': [11, 12, 16, 8, 9], 'e6': [3, 6, 8]}",FALSE
73,"{'e0': [1, 10, 11, 13, 14, 15, 16, 3, 5, 6, 8, 9], 'e1': [1, 12, 14, 15, 16, 2, 6, 7, 8, 9], 'e2': [1, 12, 13, 14, 15, 2, 3, 5, 6, 8], 'e3': [1, 10, 12, 13, 5, 6, 8, 9], 'e4': [10, 12, 13, 16, 2, 8], 'e5': [12, 13, 2, 4]}",FALSE
74,"{'e0': [1, 10, 11, 13, 14, 15, 2, 3, 4, 5, 7, 8], 'e1': [1, 10, 14, 15, 3, 5, 6, 7, 8, 9], 'e2': [12, 13, 15, 3, 4, 5, 6, 7, 8, 9], 'e3': [1, 11, 12, 14, 15, 16, 2, 3], 'e4': [1, 10, 13, 16, 3, 8], 'e5': [10, 13, 5, 9]}",FALSE
75,"{'e0': [1, 10, 11, 13, 14, 15, 2, 3, 4, 5, 7, 8], 'e1': [12, 14, 15, 16, 3, 4, 5, 6, 7, 8], 'e2': [13, 14, 16, 2, 3, 4, 5, 6, 8, 9], 'e3': [10, 12, 13, 14, 4, 6, 8], 'e4': [12, 13, 14, 15, 6], 'e5': [10, 14, 15, 16, 8], 'e6': [10, 6, 9]}",FALSE
76,"{'e0': [1, 10, 11, 13, 14, 15, 2, 3, 5, 6, 7, 8], 'e1': [1, 10, 11, 12, 15, 16, 2, 3, 5, 9], 'e2': [10, 12, 13, 14, 15, 2, 3, 4, 6, 8], 'e3': [13, 14, 15, 2, 4, 5, 6], 'e4': [1, 12, 16, 6, 7], 'e5': [1, 14, 16, 7, 9], 'e6': [1, 11, 3]}",FALSE
77,"{'e0': [1, 10, 11, 13, 14, 16, 3, 4, 5, 6, 8, 9], 'e1': [1, 11, 14, 15, 16, 2, 4, 7, 8, 9], 'e2': [1, 11, 12, 13, 14, 16, 3, 5, 7, 8], 'e3': [1, 10, 11, 13, 14, 15, 4, 7], 'e4': [10, 11, 13, 15, 6, 8], 'e5': [12, 13, 16, 7]}",FALSE
78,"{'e0': [1, 10, 11, 13, 14, 2, 3, 4, 5, 6, 8, 9], 'e1': [1, 10, 16, 2, 3, 4, 5, 7, 8, 9], 'e2': [10, 12, 14, 15, 16, 2, 3, 4, 6, 8], 'e3': [11, 16, 2, 3, 4, 6, 7, 9], 'e4': [10, 11, 13, 4, 6, 9], 'e5': [11, 2, 4, 5]}",FALSE
79,"{'e0': [1, 10, 11, 13, 15, 16, 2, 3, 4, 6, 7, 9], 'e1': [10, 11, 12, 15, 16, 4, 6, 7, 8, 9], 'e2': [1, 10, 13, 14, 2, 4, 5, 7, 8, 9], 'e3': [1, 12, 2, 4, 5, 7, 8], 'e4': [14, 15, 2, 7, 9], 'e5': [11, 15, 3, 5, 8], 'e6': [14, 2, 6]}",FALSE
80,"{'e0': [1, 10, 11, 13, 15, 16, 2, 4, 5, 6, 7, 9], 'e1': [1, 10, 11, 13, 14, 2, 4, 5, 7, 9], 'e2': [1, 12, 13, 14, 15, 2, 3, 4, 5, 8], 'e3': [1, 10, 13, 14, 15, 2, 6, 7], 'e4': [1, 10, 13, 2, 4, 8], 'e5': [11, 14, 2, 8]}",FALSE
81,"{'e0': [1, 10, 11, 13, 15, 16, 3, 4, 5, 6, 7, 8], 'e1': [1, 11, 12, 13, 15, 2, 3, 4, 6, 8], 'e2': [1, 10, 13, 14, 2, 3, 4, 7, 8, 9], 'e3': [10, 11, 12, 13, 14, 2, 4, 6], 'e4': [10, 12, 13, 2, 6, 7], 'e5': [15, 4, 5, 7]}",FALSE
82,"{'e0': [1, 10, 11, 13, 15, 16, 3, 4, 5, 7, 8, 9], 'e1': [1, 10, 12, 13, 14, 16, 4, 6, 7, 8], 'e2': [1, 10, 11, 12, 14, 15, 16, 2, 3, 7], 'e3': [1, 10, 12, 16, 3, 5, 7], 'e4': [11, 12, 16, 6, 9], 'e5': [15, 16, 5, 7, 8], 'e6': [11, 12, 7]}",FALSE
83,"{'e0': [1, 10, 11, 13, 15, 16, 3, 4, 5, 7, 8, 9], 'e1': [1, 12, 13, 14, 15, 2, 4, 6, 7, 9], 'e2': [1, 10, 14, 16, 2, 3, 4, 5, 6, 9], 'e3': [11, 13, 2, 3, 5, 7, 9], 'e4': [12, 13, 14, 4, 7], 'e5': [11, 13, 14, 16, 3], 'e6': [10, 11, 15]}",FALSE
84,"{'e0': [1, 10, 11, 13, 15, 2, 3, 4, 5, 6, 7, 9], 'e1': [10, 12, 14, 15, 2, 3, 5, 7, 8, 9], 'e2': [1, 10, 11, 12, 13, 16, 2, 4, 6, 8], 'e3': [12, 14, 3, 5, 6, 7, 8], 'e4': [14, 16, 2, 3, 6], 'e5': [1, 10, 12, 2, 4], 'e6': [13, 15, 2]}",FALSE
85,"{'e0': [1, 10, 11, 14, 15, 16, 2, 3, 4, 5, 6, 9], 'e1': [1, 11, 12, 13, 14, 15, 16, 5, 6, 9], 'e2': [1, 11, 13, 14, 16, 2, 3, 4, 8, 9], 'e3': [1, 11, 13, 15, 2, 5, 6, 8], 'e4': [1, 10, 11, 12, 6, 7], 'e5': [14, 15, 4, 6]}",FALSE
86,"{'e0': [1, 10, 11, 14, 15, 16, 2, 4, 5, 6, 7, 9], 'e1': [1, 10, 11, 12, 14, 16, 2, 3, 6, 9], 'e2': [10, 12, 13, 15, 16, 2, 4, 5, 6, 8], 'e3': [10, 11, 14, 15, 2, 7, 8], 'e4': [1, 13, 16, 2, 3], 'e5': [1, 10, 11, 2, 8], 'e6': [14, 16, 9]}",FALSE
87,"{'e0': [1, 10, 11, 14, 15, 16, 3, 4, 5, 6, 7, 8], 'e1': [1, 12, 13, 14, 2, 3, 5, 6, 7, 9], 'e2': [1, 10, 11, 14, 15, 16, 2, 4, 8, 9], 'e3': [14, 2, 3, 6, 7, 8, 9], 'e4': [13, 16, 2, 4, 7], 'e5': [10, 12, 14, 4, 6], 'e6': [1, 2, 7]}",FALSE
88,"{'e0': [1, 10, 11, 14, 15, 16, 3, 4, 5, 6, 7, 9], 'e1': [1, 12, 13, 14, 2, 3, 4, 5, 8, 9], 'e2': [1, 10, 11, 12, 13, 14, 16, 4, 5, 8], 'e3': [10, 12, 14, 16, 3, 4, 5], 'e4': [1, 10, 2, 3, 4], 'e5': [12, 15, 3, 4, 9], 'e6': [11, 4, 5]}",FALSE
89,"{'e0': [1, 10, 11, 14, 15, 16, 3, 4, 6, 7, 8, 9], 'e1': [1, 10, 12, 14, 15, 2, 3, 4, 6, 8], 'e2': [1, 10, 12, 14, 15, 4, 5, 7, 8, 9], 'e3': [12, 16, 2, 4, 5, 6, 7], 'e4': [1, 2, 3, 5, 6], 'e5': [11, 13, 3, 4, 6], 'e6': [11, 15, 4]}",FALSE
90,"{'e0': [1, 10, 11, 14, 15, 16, 3, 4, 6, 7, 8, 9], 'e1': [10, 11, 13, 14, 15, 16, 2, 4, 8, 9], 'e2': [10, 11, 15, 2, 4, 5, 6, 7, 8, 9], 'e3': [10, 11, 13, 16, 4, 8, 9], 'e4': [11, 12, 14, 16, 7], 'e5': [13, 14, 2, 5, 8], 'e6': [12, 14, 3]}",FALSE
91,"{'e0': [1, 10, 11, 2, 3, 4, 5, 6, 7, 8], 'e1': [1, 10, 12, 2, 3, 4, 5, 9], 'e2': [10, 12, 4, 7, 8], 'e3': [11, 2, 3, 7]}",FALSE
92,"{'e0': [1, 10, 11, 2, 3, 4, 5, 6, 7, 9], 'e1': [1, 10, 2, 3, 5, 6, 8, 9], 'e2': [1, 12, 3, 4, 8], 'e3': [10, 2, 7, 8]}",FALSE
93,"{'e0': [1, 10, 11, 2, 3, 4, 5, 6, 7, 9], 'e1': [1, 11, 12, 3, 4, 5, 7, 9], 'e2': [11, 2, 5, 6, 8], 'e3': [1, 3, 5, 8]}",FALSE
94,"{'e0': [1, 10, 11, 2, 3, 5, 6, 7, 8, 9], 'e1': [1, 11, 12, 3, 4, 5, 7, 8], 'e2': [1, 10, 3, 7, 9], 'e3': [10, 3, 4, 7]}",FALSE
95,"{'e0': [1, 10, 12, 13, 14, 15, 16, 2, 3, 4, 5, 8], 'e1': [1, 10, 12, 13, 15, 2, 3, 4, 6, 7], 'e2': [13, 16, 2, 3, 4, 5, 6, 7, 8, 9], 'e3': [1, 12, 14, 3, 5, 6, 7], 'e4': [10, 11, 13, 15, 5], 'e5': [11, 13, 14, 15, 6], 'e6': [1, 13, 9]}",FALSE
96,"{'e0': [1, 10, 12, 13, 14, 15, 16, 2, 3, 4, 7, 8], 'e1': [1, 10, 11, 12, 14, 2, 3, 5, 6, 8], 'e2': [1, 13, 14, 2, 3, 4, 5, 6, 7, 8], 'e3': [1, 13, 15, 16, 2, 5, 8, 9], 'e4': [10, 14, 15, 16, 4, 7], 'e5': [1, 11, 16, 8]}",FALSE
97,"{'e0': [1, 10, 12, 13, 14, 15, 16, 4, 5, 7, 8, 9], 'e1': [1, 10, 11, 12, 14, 16, 4, 6, 7, 8], 'e2': [1, 10, 12, 14, 15, 4, 5, 6, 8, 9], 'e3': [1, 11, 13, 16, 2, 3, 4, 6], 'e4': [12, 15, 16, 3, 4, 8], 'e5': [1, 12, 14, 15]}",FALSE
98,"{'e0': [1, 10, 12, 13, 14, 15, 16, 4, 6, 7, 8, 9], 'e1': [1, 10, 12, 13, 15, 16, 2, 7, 8, 9], 'e2': [1, 10, 11, 12, 13, 16, 3, 4, 6, 8], 'e3': [1, 11, 12, 13, 14, 6, 8], 'e4': [10, 11, 15, 4, 6], 'e5': [1, 11, 2, 3, 5], 'e6': [12, 15, 9]}",FALSE
99,"{'e0': [1, 10, 12, 13, 14, 15, 2, 3, 4, 5, 6, 8], 'e1': [1, 10, 13, 14, 15, 16, 4, 7, 8, 9], 'e2': [1, 10, 11, 12, 13, 16, 5, 6, 7, 9], 'e3': [1, 12, 13, 14, 3, 4, 5, 6], 'e4': [12, 13, 14, 4, 6, 8], 'e5': [15, 2, 4, 5]}",FALSE
100,"{'e0': [1, 10, 12, 13, 14, 15, 3, 4, 5, 6, 7, 9], 'e1': [1, 10, 11, 12, 13, 16, 3, 4, 7, 9], 'e2': [1, 12, 15, 2, 3, 4, 5, 6, 7, 8], 'e3': [1, 12, 14, 4, 7, 8, 9], 'e4': [1, 10, 6, 7, 9], 'e5': [1, 10, 12, 14, 8], 'e6': [14, 16, 9]}",FALSE
101,"{'e0': [1, 10, 12, 13, 14, 16, 2, 3, 4, 6, 7, 9], 'e1': [10, 11, 12, 13, 14, 15, 16, 3, 6, 8], 'e2': [1, 11, 12, 13, 14, 4, 5, 6, 7, 9], 'e3': [1, 10, 12, 15, 3, 4, 7, 8], 'e4': [10, 3, 4, 5, 6, 9], 'e5': [1, 13, 3, 6]}",FALSE
102,"{'e0': [1, 10, 12, 13, 14, 16, 2, 4, 6, 7, 8, 9], 'e1': [10, 13, 14, 15, 16, 3, 4, 5, 6, 9], 'e2': [11, 12, 13, 14, 15, 16, 2, 5, 7, 9], 'e3': [10, 11, 13, 14, 15, 16, 5], 'e4': [1, 16, 5, 7, 8], 'e5': [1, 15, 2, 5, 8], 'e6': [10, 14, 2]}",FALSE
103,"{'e0': [1, 10, 12, 13, 14, 16, 3, 4, 5, 6, 7, 9], 'e1': [10, 11, 12, 15, 16, 5, 6, 7, 8, 9], 'e2': [10, 12, 13, 15, 16, 2, 3, 5, 8, 9], 'e3': [10, 14, 16, 2, 3, 4, 8], 'e4': [1, 13, 14, 15, 4], 'e5': [10, 16, 3, 5, 9], 'e6': [3, 4, 7]}",FALSE
104,"{'e0': [1, 10, 12, 13, 15, 16, 2, 3, 4, 6, 7, 8], 'e1': [10, 11, 15, 16, 2, 3, 4, 5, 7, 9], 'e2': [1, 10, 11, 12, 14, 15, 3, 4, 7, 9], 'e3': [10, 13, 15, 16, 2, 4, 6], 'e4': [1, 12, 14, 4, 8], 'e5': [10, 11, 12, 2, 9], 'e6': [13, 15, 6]}",FALSE
105,"{'e0': [1, 10, 12, 13, 15, 16, 2, 3, 5, 6, 7, 8], 'e1': [1, 14, 16, 2, 4, 5, 6, 7, 8, 9], 'e2': [1, 10, 15, 2, 3, 4, 5, 6, 8, 9], 'e3': [10, 12, 14, 3, 4, 5, 6, 9], 'e4': [1, 16, 3, 4, 5, 6], 'e5': [11, 12, 7, 9]}",FALSE
106,"{'e0': [1, 10, 12, 13, 15, 16, 3, 4, 6, 7, 8, 9], 'e1': [11, 13, 14, 15, 16, 2, 3, 4, 5, 9], 'e2': [11, 13, 14, 15, 2, 3, 5, 7, 8, 9], 'e3': [1, 11, 12, 14, 15, 16, 4, 8], 'e4': [1, 10, 12, 13, 16, 9], 'e5': [1, 11, 4, 9]}",FALSE
107,"{'e0': [1, 10, 12, 13, 16, 2, 4, 5, 6, 7, 8, 9], 'e1': [1, 10, 12, 13, 15, 2, 5, 6, 7, 9], 'e2': [10, 13, 15, 16, 2, 3, 4, 5, 6, 8], 'e3': [1, 13, 14, 3, 5, 6, 8, 9], 'e4': [10, 11, 13, 3, 8, 9], 'e5': [11, 16, 4, 8]}",FALSE
108,"{'e0': [1, 10, 12, 14, 15, 16, 2, 3, 4, 5, 6, 8], 'e1': [1, 10, 13, 14, 16, 2, 4, 7, 8, 9], 'e2': [11, 12, 13, 14, 15, 16, 4, 5, 6, 7], 'e3': [10, 12, 16, 4, 5, 6, 8], 'e4': [1, 10, 4, 6, 8], 'e5': [12, 14, 16, 5, 7], 'e6': [11, 16, 6]}",FALSE
109,"{'e0': [1, 10, 12, 14, 15, 16, 2, 3, 4, 6, 7, 8], 'e1': [11, 12, 15, 2, 3, 4, 5, 6, 7, 9], 'e2': [1, 10, 11, 12, 16, 2, 5, 6, 8, 9], 'e3': [10, 11, 12, 13, 15, 2, 4, 9], 'e4': [10, 11, 12, 6, 7, 8], 'e5': [11, 14, 2, 3]}",FALSE
110,"{'e0': [1, 10, 12, 14, 15, 16, 2, 3, 6, 7, 8, 9], 'e1': [10, 12, 14, 15, 16, 2, 4, 5, 6, 8], 'e2': [11, 12, 13, 14, 16, 3, 4, 6, 8, 9], 'e3': [1, 10, 12, 2, 5, 6, 8], 'e4': [1, 13, 2, 5, 9], 'e5': [11, 14, 4, 6, 9], 'e6': [3, 5, 6]}",FALSE
111,"{'e0': [1, 10, 12, 14, 15, 2, 4, 5, 6, 7, 8, 9], 'e1': [1, 12, 15, 16, 2, 5, 6, 7, 8, 9], 'e2': [11, 12, 14, 16, 2, 3, 4, 6, 8, 9], 'e3': [10, 12, 13, 15, 16, 4, 7, 9], 'e4': [1, 12, 16, 4, 7, 9], 'e5': [13, 3, 6, 8]}",FALSE
112,"{'e0': [1, 10, 12, 15, 16, 2, 4, 5, 6, 7, 8, 9], 'e1': [1, 10, 12, 2, 4, 5, 6, 7, 8, 9], 'e2': [13, 14, 15, 16, 4, 5, 6, 7, 8, 9], 'e3': [11, 14, 2, 3, 5, 6, 7, 8], 'e4': [1, 11, 12, 6, 7, 9], 'e5': [12, 2, 3, 7]}",FALSE
113,"{'e0': [1, 10, 12, 16, 2, 3, 4, 5, 6, 7, 8, 9], 'e1': [1, 11, 13, 15, 2, 5, 6, 7, 8, 9], 'e2': [10, 11, 12, 13, 14, 2, 3, 4, 6, 8], 'e3': [1, 10, 11, 12, 16, 2, 8], 'e4': [11, 13, 15, 16, 3], 'e5': [1, 11, 3, 5, 7], 'e6': [14, 15, 4]}",FALSE
114,"{'e0': [1, 10, 12, 2, 3, 4, 5, 6, 7, 8], 'e1': [1, 10, 11, 12, 5, 7, 8, 9], 'e2': [11, 3, 4, 5, 7], 'e3': [10, 12, 7, 9]}",FALSE
115,"{'e0': [1, 10, 12, 2, 3, 4, 5, 6, 7, 9], 'e1': [10, 11, 2, 3, 4, 6, 8, 9], 'e2': [1, 2, 4, 6, 9], 'e3': [11, 2, 4, 5]}",FALSE
116,"{'e0': [1, 10, 12, 2, 3, 4, 5, 6, 7, 9], 'e1': [10, 11, 3, 4, 5, 6, 8, 9], 'e2': [10, 12, 2, 7, 8], 'e3': [12, 2, 3, 8]}",FALSE
117,"{'e0': [1, 10, 12, 2, 3, 4, 5, 7, 8, 9], 'e1': [10, 11, 12, 3, 5, 6, 7, 8], 'e2': [10, 11, 2, 6, 9], 'e3': [2, 7, 8, 9]}",FALSE
118,"{'e0': [1, 10, 12, 2, 3, 4, 5, 7, 8, 9], 'e1': [10, 12, 2, 3, 5, 6, 8, 9], 'e2': [1, 11, 5, 6, 9], 'e3': [11, 2, 6, 9]}",FALSE
119,"{'e0': [1, 10, 12, 2, 3, 4, 6, 7, 8, 9], 'e1': [1, 11, 3, 4, 5, 6, 8, 9], 'e2': [10, 2, 3, 5, 7], 'e3': [12, 3, 5, 7]}",FALSE
120,"{'e0': [1, 10, 12, 2, 4, 5, 6, 7, 8, 9], 'e1': [1, 10, 11, 2, 3, 4, 5, 8], 'e2': [11, 2, 4, 7, 9], 'e3': [11, 2, 8, 9]}",FALSE
121,"{'e0': [1, 10, 12, 3, 4, 5, 6, 7, 8, 9], 'e1': [10, 11, 12, 2, 4, 5, 7, 9], 'e2': [10, 11, 12, 2, 8], 'e3': [1, 10, 11, 7]}",FALSE
122,"{'e0': [1, 10, 13, 14, 15, 16, 2, 3, 5, 6, 7, 9], 'e1': [1, 11, 13, 14, 15, 16, 4, 6, 8, 9], 'e2': [10, 11, 12, 14, 15, 16, 3, 7, 8, 9], 'e3': [10, 13, 14, 15, 3, 4, 5, 8], 'e4': [1, 12, 2, 5, 8, 9], 'e5': [1, 13, 7, 9]}",FALSE
123,"{'e0': [1, 10, 13, 14, 15, 16, 3, 4, 5, 6, 8, 9], 'e1': [11, 12, 14, 15, 16, 3, 4, 5, 6, 9], 'e2': [1, 11, 12, 14, 2, 4, 5, 6, 7, 8], 'e3': [1, 10, 12, 13, 16, 7, 8], 'e4': [1, 10, 16, 7, 9], 'e5': [1, 13, 14, 3, 6], 'e6': [13, 14, 4]}",FALSE
124,"{'e0': [1, 10, 13, 14, 15, 2, 3, 4, 5, 6, 7, 8], 'e1': [1, 10, 12, 13, 3, 4, 5, 6, 8, 9], 'e2': [1, 10, 12, 14, 15, 16, 4, 6, 8, 9], 'e3': [1, 11, 13, 3, 6, 8, 9], 'e4': [12, 16, 3, 5, 7], 'e5': [11, 12, 15, 3, 6], 'e6': [16, 3, 5]}",FALSE
125,"{'e0': [1, 10, 13, 14, 16, 2, 4, 5, 6, 7, 8, 9], 'e1': [10, 12, 13, 15, 16, 2, 3, 4, 8, 9], 'e2': [1, 10, 13, 14, 15, 3, 6, 7, 8, 9], 'e3': [10, 11, 14, 15, 16, 2, 3, 8], 'e4': [1, 13, 2, 3, 4, 5], 'e5': [13, 3, 4, 6]}",FALSE
126,"{'e0': [1, 10, 13, 14, 16, 2, 4, 5, 6, 7, 8, 9], 'e1': [11, 12, 13, 15, 16, 4, 6, 7, 8, 9], 'e2': [1, 11, 12, 13, 14, 15, 2, 3, 5, 7], 'e3': [1, 11, 14, 15, 16, 3, 8, 9], 'e4': [10, 12, 14, 15, 16, 2], 'e5': [13, 14, 16, 3]}",FALSE
127,"{'e0': [1, 10, 14, 15, 16, 2, 3, 4, 5, 6, 7, 9], 'e1': [1, 10, 11, 12, 13, 15, 2, 4, 6, 8], 'e2': [1, 10, 11, 12, 13, 2, 3, 5, 7, 9], 'e3': [12, 3, 4, 5, 6, 7, 9], 'e4': [10, 12, 16, 5, 9], 'e5': [13, 15, 16, 7, 8], 'e6': [15, 2, 4]}",FALSE
128,"{'e0': [1, 10, 14, 15, 16, 2, 3, 4, 6, 7, 8, 9], 'e1': [1, 10, 11, 12, 13, 14, 15, 2, 4, 5], 'e2': [1, 10, 11, 13, 14, 2, 6, 7, 8, 9], 'e3': [1, 10, 11, 14, 3, 4, 7, 9], 'e4': [1, 11, 14, 6, 8, 9], 'e5': [1, 14, 3, 6]}",FALSE
129,"{'e0': [1, 10, 14, 15, 16, 2, 3, 4, 6, 7, 8, 9], 'e1': [1, 11, 12, 14, 15, 16, 5, 7, 8, 9], 'e2': [1, 10, 11, 12, 13, 14, 2, 4, 5, 9], 'e3': [10, 15, 2, 4, 5, 8, 9], 'e4': [11, 16, 2, 4, 6], 'e5': [1, 12, 13, 16, 9], 'e6': [13, 15, 4]}",FALSE
130,"{'e0': [1, 10, 2, 3, 4, 5, 6, 7, 8, 9], 'e1': [1, 10, 11, 2, 4, 5, 6, 8], 'e2': [10, 11, 6, 8, 9], 'e3': [1, 12, 2, 9]}",FALSE
131,"{'e0': [1, 11, 12, 13, 14, 15, 16, 2, 3, 6, 7, 8], 'e1': [1, 11, 13, 14, 15, 16, 4, 5, 7, 8], 'e2': [10, 11, 12, 13, 15, 16, 2, 3, 4, 6], 'e3': [10, 14, 15, 3, 4, 7, 8], 'e4': [10, 13, 15, 16, 6], 'e5': [2, 4, 6, 7, 9], 'e6': [11, 5, 8]}",FALSE
132,"{'e0': [1, 11, 12, 13, 14, 15, 16, 2, 4, 5, 7, 8], 'e1': [11, 12, 14, 15, 2, 3, 4, 6, 7, 9], 'e2': [1, 10, 12, 13, 15, 16, 2, 7, 8, 9], 'e3': [1, 10, 11, 13, 14, 3, 7, 8], 'e4': [10, 11, 12, 16, 2, 6], 'e5': [14, 2, 5, 7]}",FALSE
133,"{'e0': [1, 11, 12, 13, 14, 15, 16, 2, 4, 7, 8, 9], 'e1': [1, 12, 14, 15, 16, 5, 6, 7, 8, 9], 'e2': [12, 13, 14, 15, 2, 4, 5, 6, 8, 9], 'e3': [12, 13, 2, 3, 5, 6, 9], 'e4': [1, 12, 15, 5, 8], 'e5': [10, 11, 14, 4, 9], 'e6': [13, 15, 7]}",FALSE
134,"{'e0': [1, 11, 12, 13, 14, 15, 16, 2, 5, 6, 7, 9], 'e1': [1, 12, 13, 2, 3, 4, 5, 6, 7, 9], 'e2': [10, 11, 12, 14, 15, 2, 3, 5, 8, 9], 'e3': [13, 14, 15, 16, 4, 6, 8, 9], 'e4': [1, 13, 14, 16, 6, 7], 'e5': [10, 13, 16, 9]}",FALSE
135,"{'e0': [1, 11, 12, 13, 14, 15, 16, 3, 4, 6, 7, 8], 'e1': [1, 10, 11, 13, 16, 2, 3, 4, 5, 7], 'e2': [1, 10, 13, 14, 15, 2, 4, 6, 7, 8], 'e3': [1, 10, 11, 12, 14, 6, 8], 'e4': [11, 13, 4, 7, 9], 'e5': [3, 5, 6, 7, 9], 'e6': [1, 3, 9]}",FALSE
136,"{'e0': [1, 11, 12, 13, 14, 15, 16, 4, 5, 6, 8, 9], 'e1': [1, 10, 11, 13, 14, 2, 3, 5, 7, 8], 'e2': [1, 10, 12, 13, 16, 2, 4, 6, 8, 9], 'e3': [11, 13, 14, 15, 4, 6, 7, 8], 'e4': [12, 15, 16, 5, 6, 8], 'e5': [12, 13, 6, 9]}",FALSE
137,"{'e0': [1, 11, 12, 13, 14, 15, 2, 3, 5, 6, 7, 8], 'e1': [11, 12, 15, 2, 3, 4, 5, 6, 7, 8], 'e2': [1, 10, 11, 13, 2, 3, 4, 7, 8, 9], 'e3': [1, 11, 12, 13, 14, 15, 16, 7], 'e4': [11, 12, 14, 5, 7, 8], 'e5': [12, 16, 5, 9]}",FALSE
138,"{'e0': [1, 11, 12, 13, 14, 15, 2, 3, 5, 6, 7, 8], 'e1': [11, 13, 15, 16, 3, 4, 5, 6, 8, 9], 'e2': [1, 11, 12, 15, 2, 4, 5, 6, 7, 9], 'e3': [1, 16, 2, 3, 5, 6, 7, 9], 'e4': [10, 15, 2, 3, 5, 7], 'e5': [12, 16, 8, 9]}",FALSE
139,"{'e0': [1, 11, 12, 13, 14, 15, 2, 4, 5, 6, 8, 9], 'e1': [11, 13, 14, 2, 3, 5, 6, 7, 8, 9], 'e2': [10, 12, 13, 15, 16, 2, 4, 6, 7, 9], 'e3': [10, 13, 15, 16, 3, 7, 9], 'e4': [13, 16, 2, 4, 6], 'e5': [11, 16, 3, 8, 9], 'e6': [2, 6, 8]}",FALSE
140,"{'e0': [1, 11, 12, 13, 14, 15, 2, 5, 6, 7, 8, 9], 'e1': [1, 10, 13, 15, 16, 2, 4, 7, 8, 9], 'e2': [11, 12, 13, 15, 16, 2, 3, 4, 5, 9], 'e3': [1, 12, 13, 16, 2, 5, 6, 7], 'e4': [1, 10, 11, 2, 4, 9], 'e5': [10, 11, 12, 9]}",FALSE
141,"{'e0': [1, 11, 12, 13, 14, 16, 3, 4, 5, 6, 8, 9], 'e1': [1, 10, 12, 13, 2, 3, 5, 6, 8, 9], 'e2': [1, 10, 13, 15, 16, 2, 4, 5, 6, 7], 'e3': [10, 13, 14, 16, 4, 5, 7], 'e4': [11, 12, 16, 5, 8], 'e5': [10, 12, 4, 7, 8], 'e6': [11, 12, 13]}",FALSE
142,"{'e0': [1, 11, 12, 13, 14, 16, 4, 5, 6, 7, 8, 9], 'e1': [1, 11, 13, 14, 16, 3, 6, 7, 8, 9], 'e2': [10, 11, 12, 13, 14, 15, 16, 2, 5, 9], 'e3': [1, 10, 12, 13, 14, 15, 16, 7], 'e4': [1, 11, 12, 15, 16, 3], 'e5': [1, 16, 2, 3]}",FALSE
143,"{'e0': [1, 11, 12, 13, 14, 2, 4, 5, 6, 7, 8, 9], 'e1': [10, 11, 13, 14, 15, 16, 3, 4, 6, 7], 'e2': [10, 12, 13, 14, 15, 2, 3, 6, 7, 8], 'e3': [10, 11, 12, 15, 2, 3, 5, 7], 'e4': [11, 12, 15, 3, 4, 8], 'e5': [10, 11, 2, 5]}",FALSE
144,"{'e0': [1, 11, 12, 13, 14, 2, 4, 5, 6, 7, 8, 9], 'e1': [14, 15, 16, 2, 3, 4, 5, 6, 8, 9], 'e2': [10, 11, 13, 14, 15, 16, 2, 3, 5, 9], 'e3': [1, 11, 12, 16, 2, 3, 4], 'e4': [12, 13, 14, 3, 6], 'e5': [13, 2, 3, 5, 8], 'e6': [4, 5, 8]}",FALSE
145,"{'e0': [1, 11, 12, 13, 15, 16, 2, 3, 4, 5, 7, 9], 'e1': [10, 13, 14, 15, 16, 3, 4, 5, 8, 9], 'e2': [11, 14, 15, 16, 3, 5, 6, 7, 8, 9], 'e3': [1, 10, 11, 14, 4, 6, 7], 'e4': [1, 15, 5, 7, 9], 'e5': [1, 10, 15, 2, 8], 'e6': [2, 5, 6]}",FALSE
146,"{'e0': [1, 11, 12, 13, 15, 16, 2, 4, 6, 7, 8, 9], 'e1': [1, 11, 12, 14, 15, 16, 2, 5, 7, 8], 'e2': [10, 11, 14, 15, 16, 2, 3, 7, 8, 9], 'e3': [14, 15, 16, 2, 3, 6, 7, 9], 'e4': [1, 11, 12, 15, 16, 5], 'e5': [16, 2, 5, 6]}",FALSE
147,"{'e0': [1, 11, 12, 13, 15, 2, 3, 5, 6, 7, 8, 9], 'e1': [11, 13, 14, 15, 16, 2, 5, 6, 8, 9], 'e2': [1, 10, 11, 15, 2, 3, 5, 6, 7, 8], 'e3': [10, 11, 13, 2, 6, 7, 9], 'e4': [3, 4, 5, 6, 8], 'e5': [13, 16, 3, 7, 9], 'e6': [16, 2, 4]}",FALSE
148,"{'e0': [1, 11, 12, 13, 15, 2, 4, 5, 6, 7, 8, 9], 'e1': [1, 10, 11, 12, 13, 14, 2, 6, 8, 9], 'e2': [10, 11, 12, 14, 15, 16, 2, 6, 7, 9], 'e3': [11, 12, 14, 2, 4, 6, 8, 9], 'e4': [11, 16, 3, 4, 5, 8], 'e5': [1, 12, 15, 2]}",FALSE
149,"{'e0': [1, 11, 12, 13, 2, 3, 4, 5, 6, 7, 8, 9], 'e1': [1, 10, 12, 13, 14, 2, 3, 6, 8, 9], 'e2': [1, 12, 13, 14, 16, 2, 3, 5, 7, 9], 'e3': [11, 16, 2, 3, 4, 6, 7, 8], 'e4': [1, 11, 15, 2, 3, 9], 'e5': [13, 14, 8, 9]}",FALSE
150,"{'e0': [1, 11, 12, 14, 15, 16, 2, 3, 4, 5, 6, 8], 'e1': [10, 11, 12, 13, 14, 16, 3, 5, 6, 9], 'e2': [1, 10, 12, 13, 15, 2, 4, 5, 8, 9], 'e3': [10, 13, 14, 2, 4, 6, 7, 9], 'e4': [12, 15, 16, 4, 7, 9], 'e5': [11, 12, 14, 3]}",FALSE
151,"{'e0': [1, 11, 12, 14, 15, 16, 2, 3, 5, 6, 8, 9], 'e1': [1, 11, 13, 16, 2, 3, 4, 5, 6, 7], 'e2': [1, 10, 14, 2, 4, 5, 6, 7, 8, 9], 'e3': [10, 11, 14, 15, 2, 3, 4, 9], 'e4': [10, 11, 15, 2, 8, 9], 'e5': [11, 13, 4, 6]}",FALSE
152,"{'e0': [1, 11, 12, 14, 15, 16, 4, 5, 6, 7, 8, 9], 'e1': [1, 10, 11, 12, 13, 14, 16, 4, 8, 9], 'e2': [1, 10, 11, 12, 14, 15, 2, 3, 5, 9], 'e3': [10, 13, 2, 4, 5, 6, 8, 9], 'e4': [10, 12, 14, 4, 5, 9], 'e5': [13, 2, 6, 9]}",FALSE
153,"{'e0': [1, 11, 12, 14, 2, 3, 4, 5, 6, 7, 8, 9], 'e1': [1, 10, 11, 12, 15, 16, 2, 3, 6, 7], 'e2': [1, 10, 11, 13, 15, 16, 2, 6, 8, 9], 'e3': [1, 10, 11, 13, 14, 16, 7, 9], 'e4': [1, 13, 14, 3, 5, 8], 'e5': [10, 12, 4, 9]}",FALSE
154,"{'e0': [1, 11, 12, 2, 3, 4, 5, 6, 7, 8], 'e1': [1, 10, 12, 2, 3, 6, 7, 9], 'e2': [10, 2, 3, 5, 7], 'e3': [1, 11, 3, 6]}",FALSE
155,"{'e0': [1, 11, 12, 2, 3, 4, 5, 6, 7, 9], 'e1': [1, 10, 11, 2, 3, 6, 8, 9], 'e2': [1, 10, 12, 8, 9], 'e3': [11, 12, 2, 9]}",FALSE
156,"{'e0': [1, 11, 12, 2, 3, 4, 5, 6, 7, 9], 'e1': [1, 10, 11, 3, 6, 7, 8, 9], 'e2': [1, 2, 6, 8, 9], 'e3': [1, 3, 4, 6]}",FALSE
157,"{'e0': [1, 11, 12, 2, 3, 4, 5, 7, 8, 9], 'e1': [1, 10, 11, 2, 5, 7, 8, 9], 'e2': [2, 4, 5, 6, 7], 'e3': [12, 4, 5, 6]}",FALSE
158,"{'e0': [1, 11, 12, 2, 3, 4, 6, 7, 8, 9], 'e1': [1, 10, 11, 12, 2, 3, 5, 6], 'e2': [1, 2, 4, 5, 6], 'e3': [10, 11, 3, 6]}",FALSE
159,"{'e0': [1, 11, 12, 2, 4, 5, 6, 7, 8, 9], 'e1': [1, 10, 12, 3, 4, 5, 7, 9], 'e2': [11, 3, 6, 7, 9], 'e3': [1, 11, 7, 8]}",FALSE
160,"{'e0': [1, 11, 13, 14, 15, 16, 2, 3, 4, 6, 7, 9], 'e1': [10, 12, 13, 14, 16, 2, 5, 6, 7, 8], 'e2': [1, 10, 13, 14, 16, 4, 5, 6, 8, 9], 'e3': [1, 12, 13, 3, 4, 7, 9], 'e4': [11, 12, 13, 3, 9], 'e5': [11, 15, 2, 5, 8], 'e6': [1, 16, 6]}",FALSE
161,"{'e0': [1, 11, 13, 14, 15, 16, 2, 3, 4, 7, 8, 9], 'e1': [1, 12, 13, 14, 15, 16, 2, 4, 5, 6], 'e2': [10, 11, 12, 13, 2, 3, 4, 5, 7, 8], 'e3': [1, 11, 13, 14, 15, 7, 9], 'e4': [10, 15, 16, 3, 4], 'e5': [10, 13, 4, 8, 9], 'e6': [2, 5, 9]}",FALSE
162,"{'e0': [1, 11, 13, 14, 15, 16, 2, 3, 6, 7, 8, 9], 'e1': [1, 10, 11, 12, 13, 14, 16, 5, 7, 8], 'e2': [1, 10, 11, 12, 13, 16, 2, 3, 4, 6], 'e3': [11, 13, 2, 3, 4, 5, 9], 'e4': [10, 11, 15, 4, 8], 'e5': [1, 2, 4, 6, 9], 'e6': [16, 3, 7]}",FALSE
163,"{'e0': [1, 11, 13, 14, 15, 2, 3, 4, 5, 7, 8, 9], 'e1': [10, 11, 13, 14, 15, 16, 2, 3, 8, 9], 'e2': [1, 13, 14, 15, 16, 2, 4, 5, 8, 9], 'e3': [1, 10, 14, 16, 2, 5, 6, 7], 'e4': [10, 12, 15, 2, 4, 5], 'e5': [1, 2, 3, 6]}",FALSE
164,"{'e0': [1, 11, 13, 14, 16, 2, 3, 4, 5, 6, 7, 9], 'e1': [10, 12, 13, 14, 15, 16, 2, 4, 6, 7], 'e2': [10, 12, 13, 15, 16, 2, 3, 4, 5, 7], 'e3': [1, 13, 16, 2, 3, 5, 6, 7], 'e4': [10, 14, 15, 16, 6, 8], 'e5': [1, 11, 15, 4]}",FALSE
165,"{'e0': [1, 11, 13, 15, 16, 3, 4, 5, 6, 7, 8, 9], 'e1': [1, 10, 11, 12, 14, 15, 16, 2, 7, 8], 'e2': [1, 10, 11, 14, 16, 4, 5, 6, 7, 9], 'e3': [1, 11, 13, 16, 3, 4, 5, 7], 'e4': [10, 11, 14, 15, 16, 5], 'e5': [10, 14, 4, 5]}",FALSE
166,"{'e0': [1, 11, 14, 15, 16, 2, 3, 4, 5, 7, 8, 9], 'e1': [1, 10, 11, 12, 13, 14, 3, 5, 6, 7], 'e2': [10, 11, 13, 15, 2, 3, 4, 6, 7, 9], 'e3': [12, 13, 2, 4, 5, 6, 8, 9], 'e4': [12, 16, 3, 5, 8, 9], 'e5': [11, 13, 2, 9]}",FALSE
167,"{'e0': [1, 11, 2, 3, 4, 5, 6, 7, 8, 9], 'e1': [10, 11, 12, 3, 4, 5, 6, 8], 'e2': [11, 12, 2, 3, 4], 'e3': [12, 4, 5, 6]}",FALSE
168,"{'e0': [1, 12, 13, 14, 15, 16, 2, 3, 5, 6, 8, 9], 'e1': [1, 10, 11, 13, 14, 15, 16, 2, 5, 6], 'e2': [10, 11, 12, 14, 15, 2, 5, 7, 8, 9], 'e3': [13, 14, 15, 4, 5, 7, 8, 9], 'e4': [1, 11, 13, 2, 4, 6], 'e5': [1, 14, 3, 5]}",FALSE
169,"{'e0': [1, 12, 13, 14, 15, 16, 2, 4, 5, 6, 8, 9], 'e1': [1, 11, 12, 13, 2, 3, 4, 5, 8, 9], 'e2': [1, 10, 12, 13, 14, 15, 3, 4, 5, 7], 'e3': [1, 11, 13, 14, 15, 16, 5, 9], 'e4': [10, 13, 16, 5, 6, 7], 'e5': [1, 13, 14, 9]}",FALSE
170,"{'e0': [1, 12, 13, 14, 16, 2, 3, 4, 5, 6, 8, 9], 'e1': [10, 14, 15, 16, 2, 3, 5, 6, 7, 9], 'e2': [10, 11, 12, 13, 15, 16, 2, 3, 5, 8], 'e3': [10, 11, 13, 14, 3, 5, 8, 9], 'e4': [13, 15, 16, 2, 3, 8], 'e5': [1, 15, 2, 7]}",FALSE
171,"{'e0': [1, 12, 13, 16, 2, 3, 4, 5, 6, 7, 8, 9], 'e1': [1, 10, 11, 14, 15, 5, 6, 7, 8, 9], 'e2': [11, 13, 14, 15, 2, 4, 5, 6, 7, 9], 'e3': [1, 10, 11, 13, 4, 5, 8, 9], 'e4': [10, 11, 15, 16, 3, 7], 'e5': [1, 11, 13, 14]}",FALSE
172,"{'e0': [1, 13, 14, 15, 16, 2, 4, 5, 6, 7, 8, 9], 'e1': [10, 11, 12, 13, 2, 3, 5, 6, 7, 9], 'e2': [10, 12, 13, 15, 16, 3, 4, 5, 8, 9], 'e3': [10, 11, 13, 14, 4, 5, 6, 9], 'e4': [1, 10, 16, 3, 4, 8], 'e5': [2, 3, 4, 5]}",FALSE
173,"{'e0': [1, 13, 14, 16, 2, 3, 4, 5, 6, 7, 8, 9], 'e1': [1, 10, 12, 13, 14, 16, 2, 3, 5, 9], 'e2': [1, 11, 13, 14, 2, 3, 4, 5, 6, 8], 'e3': [11, 13, 14, 2, 3, 5, 7], 'e4': [15, 16, 4, 6, 7], 'e5': [1, 15, 3, 5, 8], 'e6': [14, 5, 7]}",FALSE
174,"{'e0': [1, 2, 3, 4, 5], 'e1': [1, 2, 3, 4, 6], 'e2': [1, 2, 5, 6], 'e3': [1, 2, 4], 'e4': [4, 5]}",FALSE
175,"{'e0': [1, 2, 3, 4, 5], 'e1': [1, 2, 4, 5, 6], 'e2': [2, 3, 6], 'e3': [2, 4, 5], 'e4': [3, 4]}",FALSE
176,"{'e0': [1, 2, 3, 4, 5], 'e1': [1, 3, 4, 5, 6], 'e2': [2, 3, 5, 6], 'e3': [1, 2, 3, 4], 'e4': [2, 3, 6]}",FALSE
177,"{'e0': [1, 2, 3, 4, 5], 'e1': [1, 3, 4, 6], 'e2': [3, 5, 6], 'e3': [1, 4, 5], 'e4': [1, 2, 5]}",FALSE
178,"{'e0': [1, 2, 3, 4, 5], 'e1': [2, 3, 4, 5], 'e2': [4, 5, 6], 'e3': [1, 4, 6], 'e4': [3, 4, 6]}",FALSE
179,"{'e0': [1, 2, 3, 4, 5], 'e1': [5, 6], 'e2': [3, 6], 'e3': [1, 6]}",FALSE
180,"{'e0': [1, 2, 3, 4, 6], 'e1': [1, 3, 5, 7], 'e2': [3, 5, 6, 7]}",FALSE
181,"{'e0': [1, 2, 3, 4], 'e1': [1, 2, 4, 5], 'e2': [3, 4, 5], 'e3': [1, 4]}",FALSE
182,"{'e0': [1, 2, 3, 4], 'e1': [1, 2, 4], 'e2': [1, 3, 5], 'e3': [3, 4, 5]}",FALSE
183,"{'e0': [1, 2, 3, 4], 'e1': [1, 2, 5], 'e2': [1, 2, 4], 'e3': [3, 5]}",FALSE
184,"{'e0': [1, 2, 3, 4], 'e1': [1, 3, 4, 5], 'e2': [1, 2, 5]}",FALSE
185,"{'e0': [1, 2, 3, 4], 'e1': [1, 4, 5], 'e2': [3, 4, 6], 'e3': [2, 5], 'e4': [3, 6]}",FALSE
186,"{'e0': [1, 2, 3, 4], 'e1': [1, 4, 5], 'e2': [3, 5]}",FALSE
187,"{'e0': [1, 2, 3, 4], 'e1': [2, 3, 4, 5], 'e2': [1, 3, 5], 'e3': [2, 4]}",FALSE
189,"{'e0': [1, 2, 3, 4], 'e1': [3, 4, 5], 'e2': [1, 5], 'e3': [1, 4]}",FALSE
190,"{'e0': [1, 2, 3, 4], 'e1': [4, 5], 'e2': [1, 5]}",FALSE
191,"{'e0': [1, 2, 3, 5, 6], 'e1': [2, 3, 4, 5], 'e2': [1, 4, 6], 'e3': [1, 5], 'e4': [3, 4]}",FALSE
192,"{'e0': [1, 2, 3, 5], 'e1': [1, 2, 3, 4], 'e2': [2, 3, 4, 5]}",FALSE
193,"{'e0': [1, 2, 3, 5], 'e1': [1, 2, 3], 'e2': [3, 4, 5], 'e3': [2, 4]}",FALSE
194,"{'e0': [1, 2, 3, 5], 'e1': [1, 2, 4], 'e2': [3, 4, 5], 'e3': [2, 3]}",FALSE
195,"{'e0': [1, 2, 3, 5], 'e1': [1, 4, 5], 'e2': [2, 4, 5], 'e3': [1, 2, 4]}",FALSE
196,"{'e0': [1, 2, 3, 5], 'e1': [2, 3, 4, 5], 'e2': [1, 2, 4], 'e3': [1, 3, 4]}",FALSE
197,"{'e0': [1, 2, 3, 5], 'e1': [2, 3, 4, 5], 'e2': [1, 4, 5], 'e3': [2, 4, 5]}",FALSE
198,"{'e0': [1, 2, 3, 5], 'e1': [2, 4, 5], 'e2': [1, 4, 5], 'e3': [4, 5]}",FALSE
199,"{'e0': [1, 2, 3, 5], 'e1': [3, 4, 5], 'e2': [1, 2, 4], 'e3': [1, 3, 4]}",FALSE
200,"{'e0': [1, 2, 3], 'e1': [1, 2, 4], 'e2': [1, 3, 4], 'e3': [1]}",FALSE
201,"{'e0': [1, 2, 3], 'e1': [1, 2, 4], 'e2': [1, 3], 'e3': [2, 4], 'e4': [3, 4], 'e5': [1, 4]}",FALSE
202,"{'e0': [1, 2, 3], 'e1': [1, 2, 4], 'e2': [1, 3], 'e3': [2, 4], 'e4': [3, 4]}",FALSE
203,"{'e0': [1, 2, 3], 'e1': [1, 2, 4], 'e2': [2, 3, 4], 'e3': [1, 3]}",FALSE
204,"{'e0': [1, 2, 3], 'e1': [1, 2, 4], 'e2': [3, 4], 'e3': [2, 5]}",FALSE
205,"{'e0': [1, 2, 3], 'e1': [1, 3, 4], 'e2': [1, 2, 4], 'e3': [1, 3], 'e4': [1, 4]}",FALSE
206,"{'e0': [1, 2, 3], 'e1': [1, 3, 4], 'e2': [2, 4], 'e3': [1, 3]}",FALSE
207,"{'e0': [1, 2, 3], 'e1': [1, 3, 4], 'e2': [3, 4], 'e3': [1, 3], 'e4': [1, 2], 'e5': [2, 4]}",FALSE
208,"{'e0': [1, 2, 3], 'e1': [1, 3, 5], 'e2': [1, 2, 5], 'e3': [1, 4]}",FALSE
209,"{'e0': [1, 2, 3], 'e1': [1, 4, 5], 'e2': [1, 5], 'e3': [2, 4]}",FALSE
210,"{'e0': [1, 2, 3], 'e1': [2, 3, 4], 'e2': [1, 2, 4], 'e3': [1, 4], 'e4': [2, 4]}",FALSE
211,"{'e0': [1, 2, 3], 'e1': [2, 3, 4], 'e2': [1, 3, 4], 'e3': [1, 4], 'e4': [1, 2]}",FALSE
212,"{'e0': [1, 2, 3], 'e1': [2, 3, 4], 'e2': [1, 3], 'e3': [2, 3], 'e4': [1, 4], 'e5': [3, 4]}",FALSE
213,"{'e0': [1, 2, 3], 'e1': [2, 3, 4], 'e2': [1, 4], 'e3': [2, 4]}",FALSE
214,"{'e0': [1, 2, 3], 'e1': [2, 3, 4], 'e2': [1, 4], 'e3': [2]}",FALSE
215,"{'e0': [1, 2, 3], 'e1': [2, 3, 4], 'e2': [2, 4], 'e3': [3, 4], 'e4': [2, 3], 'e5': [1, 4]}",FALSE
216,"{'e0': [1, 2, 3], 'e1': [2, 3], 'e2': [1, 3], 'e3': [1, 4], 'e4': [2, 4]}",FALSE
217,"{'e0': [1, 2, 3], 'e1': [2, 4], 'e2': [1, 4], 'e3': [1]}",FALSE
218,"{'e0': [1, 2, 3], 'e1': [3, 4], 'e2': [1, 4], 'e3': [2, 3]}",FALSE
219,"{'e0': [1, 2, 3], 'e1': [3, 4], 'e2': [2, 4]}",FALSE
220,"{'e0': [1, 2, 4, 5, 6], 'e1': [2, 3, 4, 5], 'e2': [1, 2, 4, 6], 'e3': [5, 6], 'e4': [3, 6]}",FALSE
221,"{'e0': [1, 2, 4, 5, 6], 'e1': [2, 3, 4, 5], 'e2': [2, 3, 4, 6], 'e3': [1, 2, 5], 'e4': [1, 5]}",FALSE
223,"{'e0': [1, 2, 4, 5], 'e1': [1, 2, 3, 5], 'e2': [1, 3, 5], 'e3': [3, 4]}",FALSE
224,"{'e0': [1, 2, 4, 5], 'e1': [1, 2, 3], 'e2': [2, 4, 5], 'e3': [2, 3, 5]}",FALSE
226,"{'e0': [1, 2, 4, 5], 'e1': [1, 3, 4, 5], 'e2': [1, 2, 3, 4], 'e3': [2, 3, 4, 5]}",FALSE
227,"{'e0': [1, 2, 4, 5], 'e1': [1, 3, 4, 5], 'e2': [2, 3, 4, 5], 'e3': [1, 2, 3]}",FALSE
228,"{'e0': [1, 2, 4, 5], 'e1': [1, 3, 5], 'e2': [1, 3, 4], 'e3': [3, 4]}",FALSE
229,"{'e0': [1, 2, 4, 5], 'e1': [1, 3, 5], 'e2': [2, 3, 4]}",FALSE
230,"{'e0': [1, 2, 4, 5], 'e1': [1, 3, 5], 'e2': [3, 4, 5], 'e3': [1, 4]}",FALSE
232,"{'e0': [1, 2, 4, 5], 'e1': [2, 3, 4, 5], 'e2': [1, 2, 3, 4], 'e3': [1, 4, 5]}",FALSE
233,"{'e0': [1, 2, 4, 5], 'e1': [2, 3, 4, 5], 'e2': [1, 2, 3, 5], 'e3': [2, 5]}",FALSE
234,"{'e0': [1, 2, 4, 5], 'e1': [2, 3, 4], 'e2': [1, 3], 'e3': [3, 5]}",FALSE
235,"{'e0': [1, 2, 4, 5], 'e1': [2, 3, 4], 'e2': [3, 4, 5], 'e3': [1, 3, 4]}",FALSE
236,"{'e0': [1, 2, 4, 5], 'e1': [3, 5, 6], 'e2': [3, 4, 6], 'e3': [4, 5], 'e4': [1, 5]}",FALSE
237,"{'e0': [1, 2, 4, 7], 'e1': [1, 2, 5, 6], 'e2': [3, 5, 6, 7]}",FALSE
238,"{'e0': [1, 2, 4], 'e1': [1, 2, 3], 'e2': [2, 3, 4], 'e3': [1, 3], 'e4': [2, 4]}",FALSE
239,"{'e0': [1, 2, 4], 'e1': [1, 2, 3], 'e2': [3, 4], 'e3': [2, 3], 'e4': [1, 2]}",FALSE
240,"{'e0': [1, 2, 4], 'e1': [1, 3, 4], 'e2': [2, 3], 'e3': [3]}",FALSE
241,"{'e0': [1, 2, 4], 'e1': [1, 3, 4], 'e2': [3, 4], 'e3': [2, 3], 'e4': [2, 4]}",FALSE
242,"{'e0': [1, 2, 4], 'e1': [1, 4], 'e2': [1, 3], 'e3': [2, 4], 'e4': [2, 3], 'e5': [3, 4]}",FALSE
243,"{'e0': [1, 2, 4], 'e1': [2, 3, 4], 'e2': [1, 5], 'e3': [3, 5]}",FALSE
245,"{'e0': [1, 2, 4], 'e1': [2, 3], 'e2': [2, 4], 'e3': [1, 2], 'e4': [1, 3], 'e5': [1, 4]}",FALSE
246,"{'e0': [1, 2, 4], 'e1': [2, 5], 'e2': [2, 3], 'e3': [3, 4]}",FALSE
248,"{'e0': [1, 2, 5, 6, 7], 'e1': [2, 4, 5, 7], 'e2': [1, 3, 4, 6]}",FALSE
249,"{'e0': [1, 2, 5, 7], 'e1': [3, 4, 5, 7], 'e2': [2, 4, 6, 7]}",FALSE
250,"{'e0': [1, 2, 5], 'e1': [1, 2, 4], 'e2': [3, 4, 5], 'e3': [1, 2]}",FALSE
251,"{'e0': [1, 2, 5], 'e1': [2, 3, 4], 'e2': [1, 2, 3], 'e3': [1, 3, 4]}",FALSE
252,"{'e0': [1, 2, 6], 'e1': [2, 5, 7], 'e2': [1, 3, 7], 'e3': [4, 5, 6]}",FALSE
253,"{'e0': [1, 2], 'e1': [3, 4], 'e2': [1, 4], 'e3': [2, 3]}",FALSE
254,"{'e0': [1, 3, 4, 5, 6], 'e1': [2, 3, 4, 5, 6], 'e2': [1, 3, 4, 5], 'e3': [1, 2, 3, 6], 'e4': [3, 4]}",FALSE
255,"{'e0': [1, 3, 4, 5, 6], 'e1': [2, 3, 5, 6], 'e2': [2, 4, 6], 'e3': [5, 6], 'e4': [2, 5]}",FALSE
256,"{'e0': [1, 3, 4, 5], 'e1': [1, 2, 3, 4], 'e2': [1, 2, 5], 'e3': [2, 5]}",FALSE
257,"{'e0': [1, 3, 4, 5], 'e1': [1, 2, 3, 5], 'e2': [1, 2, 4, 5], 'e3': [4, 5]}",FALSE
258,"{'e0': [1, 3, 4, 5], 'e1': [1, 2, 3, 5], 'e2': [2, 3, 4], 'e3': [1, 3, 5]}",FALSE
259,"{'e0': [1, 3, 4, 5], 'e1': [1, 2, 3, 5], 'e2': [2, 3, 4], 'e3': [2, 3]}",FALSE
260,"{'e0': [1, 3, 4, 5], 'e1': [1, 2, 3, 5], 'e2': [2, 4, 5], 'e3': [1, 4]}",FALSE
261,"{'e0': [1, 3, 4, 5], 'e1': [1, 2, 3], 'e2': [1, 2, 5]}",FALSE
262,"{'e0': [1, 3, 4, 5], 'e1': [1, 2, 4, 5], 'e2': [2, 3, 4, 5], 'e3': [3, 4, 5]}",FALSE
263,"{'e0': [1, 3, 4, 5], 'e1': [1, 2, 4], 'e2': [1, 2, 5], 'e3': [2, 3]}",FALSE
264,"{'e0': [1, 3, 4, 5], 'e1': [1, 2, 5], 'e2': [2, 4], 'e3': [1, 3]}",FALSE
265,"{'e0': [1, 3, 4, 5], 'e1': [1, 2], 'e2': [2, 3], 'e3': [2, 5]}",FALSE
266,"{'e0': [1, 3, 4, 5], 'e1': [2, 3, 4], 'e2': [1, 2, 5], 'e3': [3, 4]}",FALSE
267,"{'e0': [1, 3, 4, 5], 'e1': [2, 3, 5], 'e2': [3, 5], 'e3': [1, 2]}",FALSE
268,"{'e0': [1, 3, 4, 5], 'e1': [2, 4], 'e2': [2, 5], 'e3': [3, 5]}",FALSE
269,"{'e0': [1, 3, 4, 6, 7], 'e1': [2, 3, 5, 6], 'e2': [1, 2, 5, 7]}",FALSE
270,"{'e0': [1, 3, 4, 6], 'e1': [2, 4, 6], 'e2': [1, 2, 3], 'e3': [1, 4, 6], 'e4': [5, 6]}",FALSE
271,"{'e0': [1, 3, 4], 'e1': [1, 2, 3], 'e2': [1, 2, 4], 'e3': [2, 3, 4]}",FALSE
272,"{'e0': [1, 3, 4], 'e1': [1, 2, 4], 'e2': [1, 2], 'e3': [2, 4], 'e4': [2, 3]}",FALSE
273,"{'e0': [1, 3, 4], 'e1': [1, 4, 5], 'e2': [2, 3, 5], 'e3': [2, 3]}",FALSE
274,"{'e0': [1, 3, 4], 'e1': [2, 3, 4], 'e2': [1, 2, 3], 'e3': [2, 3]}",FALSE
275,"{'e0': [1, 3, 4], 'e1': [2, 3, 4], 'e2': [1, 2, 4], 'e3': [1, 2, 3], 'e4': [3, 4]}",FALSE
276,"{'e0': [1, 3, 4], 'e1': [2, 3, 4], 'e2': [1, 2, 4]}",FALSE
277,"{'e0': [1, 3, 4], 'e1': [2, 3, 5], 'e2': [1, 2], 'e3': [1, 5]}",FALSE
278,"{'e0': [1, 3, 4], 'e1': [2, 3], 'e2': [2, 4], 'e3': [1, 2]}",FALSE
279,"{'e0': [1, 3, 4], 'e1': [2, 5], 'e2': [3, 5], 'e3': [2, 3]}",FALSE
280,"{'e0': [1, 3, 4], 'e1': [3, 4, 5], 'e2': [1, 5], 'e3': [1, 2]}",FALSE
281,"{'e0': [1, 3, 4], 'e1': [4, 5, 7], 'e2': [1, 4, 6], 'e3': [2, 3, 5]}",FALSE
282,"{'e0': [1, 3, 5, 6], 'e1': [1, 2, 3, 5], 'e2': [3, 4, 6], 'e3': [2, 4], 'e4': [3, 4]}",FALSE
283,"{'e0': [1, 3, 5, 6], 'e1': [1, 2, 4], 'e2': [2, 4, 5], 'e3': [1, 3, 4], 'e4': [2, 5]}",FALSE
284,"{'e0': [1, 3, 5], 'e1': [1, 3, 4], 'e2': [1, 2, 3], 'e3': [4, 5]}",FALSE
285,"{'e0': [1, 3, 5], 'e1': [1, 3, 4], 'e2': [2, 4, 5]}",FALSE
286,"{'e0': [1, 3, 6, 8], 'e1': [2, 4, 5, 8], 'e2': [3, 4, 7]}",FALSE
287,"{'e0': [1, 4, 5, 6, 7], 'e1': [1, 2, 3, 4], 'e2': [1, 2, 5, 7]}",FALSE
288,"{'e0': [1, 4, 5], 'e1': [1, 3, 4], 'e2': [1, 3, 5], 'e3': [1, 2, 3]}",FALSE
289,"{'e0': [1, 4, 5], 'e1': [2, 4, 5], 'e2': [3, 5], 'e3': [2, 3]}",FALSE
290,"{'e0': [1, 4, 5], 'e1': [3, 4, 5], 'e2': [1, 2, 4], 'e3': [2, 3, 5]}",FALSE
291,"{'e0': [1, 4, 5], 'e1': [3, 5], 'e2': [2, 4], 'e3': [2, 3]}",FALSE
292,"{'e0': [1, 4, 6, 7], 'e1': [3, 5, 7], 'e2': [2, 3, 4]}",FALSE
293,"{'e0': [1, 4], 'e1': [1, 2], 'e2': [1, 3], 'e3': [2, 4]}",FALSE
294,"{'e0': [1, 5, 7], 'e1': [3, 4, 7], 'e2': [1, 2, 4], 'e3': [2, 6, 7]}",FALSE
295,"{'e0': [10, 11, 12, 13, 14, 15, 16, 2, 4, 5, 6, 7], 'e1': [1, 10, 11, 12, 14, 15, 2, 3, 4, 9], 'e2': [11, 12, 14, 16, 2, 3, 4, 6, 8, 9], 'e3': [11, 13, 14, 2, 3, 6, 8, 9], 'e4': [11, 12, 15, 2, 3, 6], 'e5': [10, 14, 6, 9]}",FALSE
296,"{'e0': [10, 11, 12, 13, 14, 15, 16, 2, 4, 5, 7, 8], 'e1': [1, 10, 11, 12, 13, 16, 4, 7, 8, 9], 'e2': [1, 10, 12, 13, 14, 15, 2, 3, 5, 9], 'e3': [10, 15, 16, 2, 4, 6, 8], 'e4': [1, 15, 16, 4, 7], 'e5': [10, 15, 5, 7, 9], 'e6': [10, 8, 9]}",FALSE
297,"{'e0': [10, 11, 12, 13, 14, 15, 16, 2, 4, 5, 8, 9], 'e1': [1, 12, 14, 15, 16, 2, 3, 4, 5, 6], 'e2': [10, 11, 12, 13, 14, 15, 16, 7, 8, 9], 'e3': [10, 12, 15, 2, 3, 6, 7, 8], 'e4': [1, 11, 16, 2, 4, 6], 'e5': [16, 5, 7, 8]}",FALSE
298,"{'e0': [10, 11, 12, 13, 14, 15, 16, 2, 5, 7, 8, 9], 'e1': [10, 11, 13, 14, 15, 16, 3, 5, 6, 8], 'e2': [1, 12, 14, 15, 2, 3, 4, 5, 6, 8], 'e3': [12, 13, 16, 3, 5, 7, 9], 'e4': [10, 16, 2, 8, 9], 'e5': [11, 14, 4, 6, 9], 'e6': [12, 4, 7]}",FALSE
299,"{'e0': [10, 11, 12, 13, 14, 15, 16, 5, 6, 7, 8, 9], 'e1': [11, 12, 14, 15, 16, 2, 3, 5, 7, 8], 'e2': [1, 10, 11, 12, 14, 15, 2, 4, 5, 8], 'e3': [10, 11, 14, 16, 2, 4, 6, 8], 'e4': [10, 13, 16, 4, 6, 9], 'e5': [10, 12, 14, 3]}",FALSE
300,"{'e0': [10, 11, 12, 13, 14, 15, 2, 3, 4, 6, 7, 8], 'e1': [1, 10, 12, 13, 14, 16, 2, 3, 4, 6], 'e2': [1, 12, 13, 14, 15, 16, 2, 3, 7, 9], 'e3': [1, 12, 13, 14, 16, 3, 5, 8], 'e4': [10, 13, 16, 3, 6, 7], 'e5': [11, 13, 6, 7]}",FALSE
301,"{'e0': [10, 11, 12, 13, 14, 15, 3, 4, 5, 6, 7, 9], 'e1': [10, 11, 13, 14, 15, 2, 3, 4, 5, 8], 'e2': [1, 10, 11, 12, 2, 3, 4, 5, 6, 8], 'e3': [1, 12, 14, 16, 3, 4, 5], 'e4': [14, 3, 5, 7, 8], 'e5': [1, 10, 4, 5, 8], 'e6': [1, 16, 6]}",FALSE
302,"{'e0': [10, 11, 12, 13, 14, 16, 3, 4, 5, 7, 8, 9], 'e1': [12, 13, 14, 16, 2, 3, 4, 5, 8, 9], 'e2': [1, 12, 15, 2, 3, 4, 5, 6, 7, 9], 'e3': [1, 10, 11, 13, 3, 8, 9], 'e4': [11, 15, 2, 4, 7], 'e5': [1, 10, 2, 3, 5], 'e6': [1, 11, 14]}",FALSE
303,"{'e0': [10, 11, 12, 13, 14, 2, 3, 4, 5, 6, 7, 9], 'e1': [1, 11, 12, 14, 15, 16, 2, 3, 5, 8], 'e2': [1, 10, 11, 13, 14, 15, 16, 3, 5, 6], 'e3': [1, 10, 13, 15, 16, 3, 5, 6], 'e4': [1, 10, 11, 15, 3, 8], 'e5': [11, 13, 15, 6]}",FALSE
304,"{'e0': [10, 11, 12, 13, 14, 2, 3, 4, 5, 6, 8, 9], 'e1': [1, 10, 11, 12, 13, 14, 2, 4, 7, 9], 'e2': [1, 11, 12, 16, 2, 3, 4, 5, 7, 9], 'e3': [12, 13, 14, 15, 4, 5, 8, 9], 'e4': [1, 12, 16, 2, 8, 9], 'e5': [13, 3, 4, 5]}",FALSE
305,"{'e0': [10, 11, 12, 13, 15, 16, 2, 3, 4, 6, 7, 8], 'e1': [1, 11, 13, 14, 2, 4, 5, 6, 7, 9], 'e2': [1, 10, 11, 15, 16, 2, 3, 4, 6, 7], 'e3': [12, 13, 16, 3, 5, 6, 8], 'e4': [12, 14, 16, 4, 6], 'e5': [1, 13, 14, 2, 8], 'e6': [11, 2, 8]}",FALSE
306,"{'e0': [10, 11, 12, 13, 15, 16, 4, 5, 6, 7, 8, 9], 'e1': [1, 13, 15, 16, 2, 3, 4, 5, 6, 9], 'e2': [14, 15, 16, 2, 3, 5, 6, 7, 8, 9], 'e3': [10, 11, 12, 2, 5, 7, 8, 9], 'e4': [11, 12, 16, 2, 5, 6], 'e5': [15, 4, 5, 8]}",FALSE
307,"{'e0': [10, 11, 12, 13, 15, 3, 4, 5, 6, 7, 8, 9], 'e1': [1, 10, 11, 13, 15, 16, 4, 6, 8, 9], 'e2': [1, 10, 12, 13, 14, 2, 5, 6, 8, 9], 'e3': [14, 15, 16, 2, 4, 5, 6], 'e4': [1, 10, 15, 6, 9], 'e5': [13, 15, 16, 7, 8], 'e6': [10, 2, 9]}",FALSE
308,"{'e0': [10, 11, 12, 13, 16, 2, 3, 5, 6, 7, 8, 9], 'e1': [11, 12, 13, 15, 3, 4, 5, 6, 8, 9], 'e2': [11, 13, 14, 15, 16, 2, 4, 5, 7, 8], 'e3': [1, 13, 15, 16, 2, 3, 7], 'e4': [1, 11, 13, 14, 6], 'e5': [11, 12, 13, 16, 3], 'e6': [10, 5, 7]}",FALSE
309,"{'e0': [10, 11, 12, 14, 15, 16, 2, 3, 4, 5, 6, 7], 'e1': [1, 12, 13, 15, 2, 3, 5, 6, 7, 9], 'e2': [1, 10, 11, 12, 13, 16, 2, 3, 4, 8], 'e3': [10, 11, 12, 13, 14, 15, 2, 7], 'e4': [10, 13, 14, 16, 2, 9], 'e5': [1, 15, 5, 9]}",FALSE
310,"{'e0': [10, 11, 12, 14, 15, 16, 2, 3, 4, 5, 7, 9], 'e1': [10, 12, 14, 15, 16, 2, 3, 4, 5, 8], 'e2': [10, 11, 13, 15, 16, 2, 5, 6, 7, 9], 'e3': [1, 10, 12, 13, 2, 3, 9], 'e4': [10, 11, 13, 15, 7], 'e5': [1, 11, 15, 3, 9], 'e6': [1, 11, 5]}",FALSE
311,"{'e0': [10, 11, 12, 14, 15, 16, 2, 3, 4, 5, 7, 9], 'e1': [10, 13, 14, 15, 16, 4, 5, 6, 8, 9], 'e2': [12, 13, 14, 15, 3, 4, 5, 6, 7, 8], 'e3': [10, 11, 13, 15, 2, 5, 6], 'e4': [13, 2, 3, 4, 8], 'e5': [1, 13, 14, 3, 7], 'e6': [5, 8, 9]}",FALSE
312,"{'e0': [10, 11, 12, 14, 15, 16, 2, 3, 4, 5, 8, 9], 'e1': [10, 12, 13, 14, 16, 2, 3, 6, 7, 8], 'e2': [1, 10, 12, 13, 14, 15, 16, 4, 7, 8], 'e3': [10, 11, 13, 14, 15, 16, 6, 7], 'e4': [11, 12, 2, 4, 5, 8], 'e5': [12, 15, 6, 7]}",FALSE
313,"{'e0': [10, 11, 12, 14, 15, 16, 2, 3, 4, 6, 7, 9], 'e1': [1, 11, 12, 13, 14, 15, 4, 6, 8, 9], 'e2': [10, 13, 14, 15, 16, 3, 4, 5, 7, 8], 'e3': [1, 15, 16, 3, 4, 6, 7], 'e4': [1, 11, 2, 5, 8], 'e5': [12, 14, 2, 7, 9], 'e6': [12, 6, 8]}",FALSE
314,"{'e0': [10, 11, 12, 14, 15, 16, 2, 3, 4, 6, 8, 9], 'e1': [10, 11, 13, 14, 15, 2, 3, 6, 7, 9], 'e2': [1, 12, 13, 15, 2, 4, 6, 7, 8, 9], 'e3': [13, 14, 15, 16, 3, 4, 7, 8], 'e4': [14, 2, 3, 5, 8, 9], 'e5': [13, 14, 16, 7]}",FALSE
315,"{'e0': [10, 11, 12, 14, 15, 16, 2, 3, 5, 6, 7, 9], 'e1': [1, 10, 12, 14, 15, 16, 4, 6, 8, 9], 'e2': [1, 10, 14, 15, 2, 5, 6, 7, 8, 9], 'e3': [11, 12, 13, 3, 6, 7, 8, 9], 'e4': [11, 13, 15, 16, 5, 9], 'e5': [11, 2, 5, 6]}",FALSE
316,"{'e0': [10, 11, 12, 14, 15, 16, 2, 4, 5, 7, 8, 9], 'e1': [1, 11, 13, 14, 16, 2, 4, 5, 7, 9], 'e2': [1, 10, 11, 12, 13, 15, 2, 5, 7, 8], 'e3': [12, 14, 16, 3, 4, 6, 7, 9], 'e4': [1, 11, 13, 15, 16, 5], 'e5': [14, 16, 5, 6]}",FALSE
317,"{'e0': [10, 11, 12, 14, 16, 2, 3, 5, 6, 7, 8, 9], 'e1': [11, 12, 14, 16, 2, 4, 6, 7, 8, 9], 'e2': [10, 12, 13, 14, 2, 3, 4, 7, 8, 9], 'e3': [11, 14, 15, 16, 5, 6, 7, 9], 'e4': [1, 11, 4, 5, 7, 8], 'e5': [10, 14, 15, 7]}",FALSE
318,"{'e0': [10, 11, 12, 15, 16, 2, 3, 4, 6, 7, 8, 9], 'e1': [1, 10, 12, 15, 16, 2, 4, 6, 7, 9], 'e2': [1, 11, 12, 15, 16, 3, 4, 5, 6, 8], 'e3': [10, 12, 14, 15, 4, 5, 6], 'e4': [14, 16, 2, 3, 7], 'e5': [14, 15, 5, 6, 7], 'e6': [1, 13, 6]}",FALSE
319,"{'e0': [10, 11, 12, 2, 3, 4, 5, 6, 7, 9], 'e1': [10, 11, 12, 2, 4, 5, 8, 9], 'e2': [1, 3, 4, 7, 8], 'e3': [2, 5, 7, 9]}",FALSE
320,"{'e0': [10, 11, 12, 2, 3, 5, 6, 7, 8, 9], 'e1': [1, 10, 3, 4, 5, 6, 7, 9], 'e2': [10, 3, 4, 6, 7], 'e3': [1, 3, 6, 8]}",FALSE
321,"{'e0': [10, 11, 13, 14, 15, 16, 2, 3, 4, 5, 6, 7], 'e1': [1, 10, 11, 12, 14, 15, 16, 2, 4, 9], 'e2': [10, 12, 13, 15, 2, 3, 4, 5, 7, 9], 'e3': [13, 14, 15, 16, 2, 3, 4, 5], 'e4': [12, 14, 16, 6, 8, 9], 'e5': [15, 4, 5, 8]}",FALSE
322,"{'e0': [10, 11, 13, 14, 15, 16, 2, 3, 4, 5, 6, 8], 'e1': [1, 12, 13, 15, 16, 3, 6, 7, 8, 9], 'e2': [1, 10, 11, 12, 14, 2, 3, 4, 6, 7], 'e3': [1, 10, 15, 16, 2, 5, 7], 'e4': [13, 14, 2, 8, 9], 'e5': [1, 14, 5, 6, 8], 'e6': [1, 13, 6]}",FALSE
323,"{'e0': [10, 11, 13, 14, 15, 16, 2, 3, 5, 6, 7, 8], 'e1': [1, 13, 14, 15, 16, 3, 4, 7, 8, 9], 'e2': [1, 10, 11, 12, 14, 15, 5, 6, 7, 8], 'e3': [10, 12, 14, 16, 2, 3, 6], 'e4': [11, 12, 16, 2, 8], 'e5': [1, 12, 13, 2, 8], 'e6': [16, 2, 3]}",FALSE
324,"{'e0': [10, 11, 13, 14, 15, 16, 2, 4, 5, 6, 7, 8], 'e1': [11, 13, 15, 16, 3, 5, 6, 7, 8, 9], 'e2': [1, 11, 13, 14, 2, 3, 5, 7, 8, 9], 'e3': [1, 12, 13, 14, 2, 6, 7, 8], 'e4': [11, 12, 15, 2, 6, 7], 'e5': [1, 13, 14, 6]}",FALSE
325,"{'e0': [10, 11, 13, 14, 15, 16, 3, 4, 5, 6, 7, 8], 'e1': [1, 10, 11, 13, 14, 15, 2, 3, 8, 9], 'e2': [1, 11, 12, 13, 16, 3, 4, 6, 7, 9], 'e3': [1, 10, 12, 14, 4, 6, 7, 9], 'e4': [1, 13, 15, 5, 7, 9], 'e5': [1, 2, 5, 8]}",FALSE
326,"{'e0': [10, 11, 13, 14, 15, 2, 3, 4, 5, 7, 8, 9], 'e1': [1, 10, 11, 12, 13, 16, 3, 5, 6, 8], 'e2': [10, 11, 13, 14, 15, 16, 2, 5, 6, 8], 'e3': [11, 15, 2, 3, 4, 6, 7, 9], 'e4': [1, 13, 15, 16, 7, 8], 'e5': [13, 14, 15, 4]}",FALSE
327,"{'e0': [10, 11, 13, 14, 15, 3, 4, 5, 6, 7, 8, 9], 'e1': [12, 13, 14, 15, 16, 2, 3, 5, 8, 9], 'e2': [12, 15, 16, 2, 3, 4, 6, 7, 8, 9], 'e3': [1, 12, 16, 4, 7, 8, 9], 'e4': [1, 11, 14, 15, 5], 'e5': [11, 15, 2, 3, 4], 'e6': [13, 14, 3]}",FALSE
328,"{'e0': [10, 11, 13, 15, 16, 2, 3, 4, 5, 6, 7, 9], 'e1': [10, 11, 14, 15, 16, 3, 4, 5, 6, 8], 'e2': [10, 11, 14, 16, 2, 3, 5, 7, 8, 9], 'e3': [1, 14, 15, 3, 4, 5, 8], 'e4': [1, 12, 13, 14, 7], 'e5': [12, 13, 16, 5, 8], 'e6': [13, 14, 16]}",FALSE
329,"{'e0': [10, 11, 13, 15, 16, 2, 3, 4, 5, 6, 8, 9], 'e1': [10, 11, 13, 15, 16, 2, 3, 6, 8, 9], 'e2': [10, 12, 13, 15, 16, 4, 5, 6, 7, 8], 'e3': [1, 11, 14, 15, 16, 7, 9], 'e4': [12, 15, 3, 5, 8], 'e5': [11, 13, 14, 16, 7], 'e6': [5, 6, 8]}",FALSE
330,"{'e0': [10, 11, 13, 15, 16, 2, 3, 4, 6, 7, 8, 9], 'e1': [10, 12, 13, 14, 16, 3, 6, 7, 8, 9], 'e2': [10, 12, 13, 14, 16, 4, 5, 6, 7, 9], 'e3': [11, 12, 14, 15, 16, 2, 4, 6], 'e4': [1, 11, 12, 5, 8, 9], 'e5': [10, 14, 3, 6]}",FALSE
331,"{'e0': [10, 11, 2, 3, 4, 5, 6, 7, 8, 9], 'e1': [1, 2, 3, 5, 6, 7, 8, 9], 'e2': [1, 10, 11, 2, 7], 'e3': [1, 12, 4, 7]}",FALSE
332,"{'e0': [10, 12, 13, 14, 15, 16, 2, 3, 4, 5, 6, 7], 'e1': [1, 10, 11, 13, 16, 2, 3, 4, 5, 8], 'e2': [1, 14, 15, 16, 3, 4, 5, 6, 7, 8], 'e3': [10, 11, 12, 14, 15, 2, 9], 'e4': [2, 4, 5, 8, 9], 'e5': [1, 16, 3, 8, 9], 'e6': [2, 5, 9]}",FALSE
333,"{'e0': [10, 12, 13, 14, 15, 16, 2, 3, 4, 5, 6, 8], 'e1': [10, 11, 12, 13, 14, 15, 16, 2, 7, 8], 'e2': [1, 11, 13, 15, 2, 4, 5, 6, 8, 9], 'e3': [1, 11, 12, 13, 15, 4, 5], 'e4': [1, 10, 2, 3, 8], 'e5': [12, 15, 2, 5, 6], 'e6': [14, 2, 7]}",FALSE
334,"{'e0': [10, 12, 13, 14, 15, 16, 2, 3, 5, 6, 7, 9], 'e1': [1, 10, 11, 12, 13, 3, 4, 5, 6, 8], 'e2': [1, 10, 12, 14, 15, 3, 4, 5, 6, 8], 'e3': [10, 11, 13, 14, 16, 6, 8, 9], 'e4': [11, 13, 15, 2, 5, 8], 'e5': [10, 11, 12, 2]}",FALSE
335,"{'e0': [10, 12, 13, 14, 15, 16, 2, 5, 6, 7, 8, 9], 'e1': [10, 12, 13, 14, 15, 16, 2, 5, 6, 8], 'e2': [1, 10, 11, 12, 14, 15, 2, 3, 4, 5], 'e3': [1, 11, 13, 15, 16, 6, 9], 'e4': [1, 10, 12, 15, 3], 'e5': [11, 14, 15, 16, 8], 'e6': [11, 12, 15]}",FALSE
336,"{'e0': [10, 12, 13, 14, 15, 2, 3, 4, 5, 7, 8, 9], 'e1': [1, 12, 14, 15, 16, 3, 4, 6, 7, 8], 'e2': [1, 10, 12, 14, 2, 3, 6, 7, 8, 9], 'e3': [1, 11, 12, 13, 15, 6, 7, 9], 'e4': [10, 12, 3, 4, 7, 8], 'e5': [1, 12, 5, 6]}",FALSE
337,"{'e0': [10, 12, 13, 14, 15, 2, 3, 4, 5, 7, 8, 9], 'e1': [10, 11, 13, 14, 16, 2, 4, 5, 6, 9], 'e2': [1, 11, 12, 13, 14, 16, 2, 3, 4, 9], 'e3': [12, 14, 15, 16, 2, 6, 8], 'e4': [1, 10, 11, 3, 9], 'e5': [1, 14, 16, 8, 9], 'e6': [11, 13, 5]}",FALSE
338,"{'e0': [10, 12, 13, 15, 16, 2, 3, 4, 5, 7, 8, 9], 'e1': [1, 11, 12, 14, 16, 2, 3, 6, 8, 9], 'e2': [1, 11, 14, 15, 16, 2, 5, 6, 7, 8], 'e3': [10, 11, 16, 3, 5, 6, 7, 9], 'e4': [1, 10, 11, 12, 2, 7], 'e5': [1, 15, 2, 5]}",FALSE
339,"{'e0': [10, 12, 2, 3, 4, 5, 6, 7, 8, 9], 'e1': [1, 10, 11, 3, 4, 5, 8, 9], 'e2': [2, 3, 4, 8, 9], 'e3': [1, 10, 6, 9]}",FALSE
340,"{'e0': [10, 12, 2, 3, 4, 5, 6, 7, 8, 9], 'e1': [10, 11, 12, 4, 6, 7, 8, 9], 'e2': [10, 11, 3, 8, 9], 'e3': [1, 5, 8, 9]}",FALSE
341,"{'e0': [10, 13, 14, 15, 16, 2, 3, 4, 5, 7, 8, 9], 'e1': [10, 11, 12, 14, 2, 3, 4, 5, 6, 8], 'e2': [10, 11, 15, 16, 2, 4, 5, 6, 7, 9], 'e3': [1, 10, 12, 13, 2, 3, 6, 8], 'e4': [10, 12, 15, 2, 7, 9], 'e5': [13, 2, 3, 5]}",FALSE
342,"{'e0': [10, 13, 14, 15, 16, 2, 3, 4, 5, 7, 8, 9], 'e1': [10, 12, 14, 15, 2, 3, 5, 6, 8, 9], 'e2': [10, 13, 14, 15, 16, 2, 3, 6, 7, 8], 'e3': [1, 11, 12, 13, 14, 2, 4, 5], 'e4': [1, 11, 13, 15, 4, 5], 'e5': [12, 14, 15, 16]}",FALSE
343,"{'e0': [10, 13, 14, 15, 16, 2, 4, 5, 6, 7, 8, 9], 'e1': [1, 10, 13, 14, 16, 2, 3, 5, 7, 8], 'e2': [10, 11, 13, 14, 16, 4, 5, 6, 7, 9], 'e3': [10, 11, 12, 13, 2, 3, 6, 9], 'e4': [1, 12, 13, 16, 2, 8], 'e5': [10, 11, 12, 4]}",FALSE
344,"{'e0': [11, 12, 13, 14, 15, 2, 3, 4, 5, 6, 7, 8], 'e1': [12, 13, 14, 16, 2, 3, 4, 6, 8, 9], 'e2': [1, 10, 12, 13, 14, 15, 16, 2, 6, 8], 'e3': [1, 11, 12, 13, 5, 8, 9], 'e4': [16, 3, 4, 7, 8], 'e5': [1, 11, 12, 16, 5], 'e6': [15, 3, 5]}",FALSE
345,"{'e0': [11, 12, 13, 14, 15, 2, 4, 5, 6, 7, 8, 9], 'e1': [10, 11, 14, 16, 3, 4, 5, 6, 7, 9], 'e2': [1, 10, 11, 14, 15, 16, 3, 4, 6, 9], 'e3': [1, 12, 14, 16, 3, 4, 7], 'e4': [11, 2, 4, 7, 8], 'e5': [11, 14, 2, 4, 5], 'e6': [1, 7, 8]}",FALSE
346,"{'e0': [11, 12, 13, 15, 16, 2, 3, 4, 6, 7, 8, 9], 'e1': [1, 10, 12, 14, 2, 3, 4, 6, 7, 9], 'e2': [10, 13, 15, 2, 3, 4, 6, 7, 8, 9], 'e3': [1, 11, 12, 15, 4, 5, 7], 'e4': [1, 11, 3, 7, 9], 'e5': [11, 13, 15, 2, 7], 'e6': [10, 12, 4]}",FALSE
347,"{'e0': [11, 12, 13, 16, 2, 3, 4, 5, 6, 7, 8, 9], 'e1': [10, 11, 12, 13, 14, 3, 4, 5, 6, 9], 'e2': [1, 11, 12, 13, 14, 16, 3, 6, 7, 8], 'e3': [1, 12, 13, 15, 16, 2, 3, 5], 'e4': [1, 10, 13, 16, 3, 4], 'e5': [11, 12, 4, 9]}",FALSE
348,"{'e0': [11, 12, 14, 15, 16, 2, 3, 4, 6, 7, 8, 9], 'e1': [10, 11, 13, 16, 2, 4, 6, 7, 8, 9], 'e2': [1, 10, 11, 16, 2, 4, 6, 7, 8, 9], 'e3': [1, 14, 15, 4, 5, 6, 7], 'e4': [1, 13, 15, 4, 6], 'e5': [11, 15, 16, 4, 6], 'e6': [10, 4, 8]}",FALSE
349,"{'e0': [11, 12, 15, 16, 2, 3, 4, 5, 6, 7, 8, 9], 'e1': [1, 10, 12, 13, 16, 3, 4, 6, 7, 9], 'e2': [1, 11, 12, 13, 14, 15, 16, 2, 5, 9], 'e3': [11, 14, 15, 2, 3, 4, 5, 8], 'e4': [1, 10, 13, 14, 15, 3], 'e5': [12, 14, 3, 7]}",FALSE
350,"{'e0': [2, 3, 4, 5, 6], 'e1': [1, 2, 4, 6], 'e2': [1, 3, 6], 'e3': [2, 4, 5], 'e4': [1, 2, 5]}",FALSE
351,"{'e0': [2, 3, 4, 5, 6], 'e1': [1, 2], 'e2': [1, 5], 'e3': [2, 4]}",FALSE
352,"{'e0': [2, 3, 4, 5, 6], 'e1': [1, 4], 'e2': [1, 2], 'e3': [5, 6]}",FALSE
353,"{'e0': [2, 3, 4, 5], 'e1': [1, 2, 3, 4], 'e2': [1, 2, 4, 5], 'e3': [1, 3]}",FALSE
354,"{'e0': [2, 3, 4, 5], 'e1': [1, 2, 3, 4], 'e2': [2, 3, 4], 'e3': [1, 5]}",FALSE
355,"{'e0': [2, 3, 4, 5], 'e1': [1, 2, 3], 'e2': [2, 3, 5], 'e3': [1, 4, 5]}",FALSE
356,"{'e0': [2, 3, 4, 5], 'e1': [1, 2, 4], 'e2': [1, 4, 5], 'e3': [3, 5]}",FALSE
357,"{'e0': [2, 3, 4, 5], 'e1': [1, 2, 4], 'e2': [1, 4, 5], 'e3': [4, 5]}",FALSE
358,"{'e0': [2, 3, 4, 5], 'e1': [1, 2, 4], 'e2': [1, 5], 'e3': [1, 4]}",FALSE
359,"{'e0': [2, 3, 4, 5], 'e1': [1, 2, 5], 'e2': [1, 3, 4], 'e3': [1, 2]}",FALSE
360,"{'e0': [2, 3, 4, 5], 'e1': [1, 2], 'e2': [1, 3], 'e3': [4, 5]}",FALSE
361,"{'e0': [2, 3, 4, 5], 'e1': [1, 3, 4, 5], 'e2': [1, 3, 5], 'e3': [1, 2, 4]}",FALSE
362,"{'e0': [2, 3, 4, 5], 'e1': [1, 3, 5], 'e2': [1, 3, 4], 'e3': [2, 3]}",FALSE
363,"{'e0': [2, 3, 4, 5], 'e1': [1, 4, 5], 'e2': [2, 3], 'e3': [1, 2]}",FALSE
364,"{'e0': [2, 3, 4, 5], 'e1': [2, 3, 5], 'e2': [1, 3], 'e3': [1, 4]}",FALSE
365,"{'e0': [2, 3, 4, 5], 'e1': [2, 4, 5, 6], 'e2': [1, 3, 6, 7]}",FALSE
366,"{'e0': [2, 3, 4], 'e1': [1, 2, 3], 'e2': [1, 3, 4], 'e3': [1]}",FALSE
367,"{'e0': [2, 3, 4], 'e1': [1, 2, 3], 'e2': [1, 4]}",FALSE
368,"{'e0': [2, 3, 4], 'e1': [1, 2, 3], 'e2': [2, 4, 5], 'e3': [1, 5]}",FALSE
369,"{'e0': [2, 3, 4], 'e1': [1, 2], 'e2': [1, 4], 'e3': [3]}",FALSE
370,"{'e0': [2, 3, 4], 'e1': [1, 3, 5], 'e2': [1, 2], 'e3': [4, 5]}",FALSE
371,"{'e0': [2, 3, 4], 'e1': [1, 3], 'e2': [1, 4], 'e3': [1]}",FALSE
372,"{'e0': [2, 3, 4], 'e1': [1, 4, 5], 'e2': [1, 3], 'e3': [1, 5]}",FALSE
373,"{'e0': [2, 3, 4], 'e1': [1, 4], 'e2': [2, 4], 'e3': [1, 2], 'e4': [1, 3]}",FALSE
374,"{'e0': [2, 3, 4], 'e1': [1, 4], 'e2': [2, 4], 'e3': [1, 2], 'e4': [2, 3]}",FALSE
375,"{'e0': [2, 3, 4], 'e1': [3, 4, 5], 'e2': [1, 2, 5], 'e3': [2, 3]}",FALSE
376,"{'e0': [2, 3, 5], 'e1': [1, 2, 3], 'e2': [1, 4, 5], 'e3': [2, 3, 4]}",FALSE
377,"{'e0': [2, 3, 5], 'e1': [1, 3, 4], 'e2': [1, 2, 5], 'e3': [2, 4]}",FALSE
378,"{'e0': [2, 3, 5], 'e1': [2, 3, 4], 'e2': [1, 2, 4], 'e3': [1, 2, 5]}",FALSE
379,"{'e0': [2, 3, 5], 'e1': [3, 4], 'e2': [2, 4], 'e3': [1, 4]}",FALSE
380,"{'e0': [2, 3], 'e1': [1, 2], 'e2': [1, 3], 'e3': [3]}",FALSE
381,"{'e0': [2, 3], 'e1': [1, 3], 'e2': [1, 2]}",FALSE
382,"{'e0': [2, 3], 'e1': [2, 4], 'e2': [1, 2], 'e3': [1, 4], 'e4': [1, 3], 'e5': [3, 4]}",FALSE
383,"{'e0': [2, 4, 5, 7], 'e1': [1, 3, 4, 6], 'e2': [3, 5, 6]}",FALSE
384,"{'e0': [2, 4, 5], 'e1': [1, 3, 5], 'e2': [1, 4, 5], 'e3': [3, 4]}",FALSE
385,"{'e0': [2, 4, 5], 'e1': [3, 4], 'e2': [1, 2], 'e3': [1, 5]}",FALSE
386,"{'e0': [2, 4, 6], 'e1': [3, 4, 7], 'e2': [3, 6, 7], 'e3': [1, 5, 7]}",FALSE
387,"{'e0': [2, 4], 'e1': [3, 4], 'e2': [1, 2], 'e3': [1, 3], 'e4': [1, 4]}",FALSE
388,"{'e0': [3, 4, 5], 'e1': [1, 2, 3], 'e2': [2, 5]}",FALSE
389,"{'e0': [3, 4, 5], 'e1': [2, 3, 5], 'e2': [2, 3, 4], 'e3': [1, 2]}",FALSE
390,"{'e0': [3, 4, 5], 'e1': [2, 3, 7], 'e2': [4, 5, 7], 'e3': [1, 2, 6]}",FALSE
391,"{'e0': [3, 4, 6, 7], 'e1': [1, 2, 3, 6], 'e2': [2, 4, 5]}",FALSE
392,"{'e0': [3, 4, 7], 'e1': [2, 5, 6], 'e2': [3, 5, 7], 'e3': [1, 4, 5]}",FALSE
393,"{'e0': [4, 6, 7], 'e1': [1, 2, 4], 'e2': [3, 5, 6], 'e3': [1, 2, 3]}",FALSE